danceability,energy,key,loudness,mode,speechiness,acousticness,instrumentalness,liveness,valence,tempo,id,uri,duration_ms,time_signature,artist_name,song_name,album_name,release_date,add_date,popularity
0.745,0.353,1,-10.614,1,0.0983,0.174,0.00662,0.118,0.598,160.111,0WtDGnWL2KrMCk0mI1Gpwz,spotify:track:0WtDGnWL2KrMCk0mI1Gpwz,326933,4,Childish Gambino,Redbone,"""Awaken, My Love!""",2016-12-02,2023-01-26,82
0.761,0.739,9,-8.148,0,0.0403,0.458,0.0,0.122,0.754,110.056,4usGSO2f7aE9aKC05itGbq,spotify:track:4usGSO2f7aE9aKC05itGbq,124369,4,Jay Safari,Too Hot,Too Hot,2022-07-29,2023-01-25,17
0.678,0.798,10,-5.195,1,0.0316,0.0383,0.269,0.126,0.509,99.941,2ty6DmPnxVPpEFuB23XM0x,spotify:track:2ty6DmPnxVPpEFuB23XM0x,137528,4,SZA,Kill Bill - Sped Up Version,Kill Bill,2023-01-13,2023-01-25,75
0.577,0.933,2,-4.173,0,0.0312,0.281,0.0346,0.124,0.767,106.112,3QqONU0GW4byIClquChyf0,spotify:track:3QqONU0GW4byIClquChyf0,260493,4,Depeche Mode,Never Let Me Down Again,The Singles 86-98,1998-09-28,2023-01-18,61
0.663,0.838,0,-5.744,0,0.0286,0.2,0.000177,0.0782,0.752,112.788,6WK9dVrRABMkUXFLNlgWFh,spotify:track:6WK9dVrRABMkUXFLNlgWFh,255133,4,Depeche Mode,Enjoy the Silence,The Singles 86-98,1998-09-28,2023-01-18,73
0.724,0.614,8,-5.464,1,0.0301,0.0408,0.155,0.178,0.559,113.073,3KFQFmTeHEXhzBNG7iFXYH,spotify:track:3KFQFmTeHEXhzBNG7iFXYH,313293,4,Depeche Mode,Policy of Truth,The Singles 86-98,1998-09-28,2023-01-18,40
0.623,0.793,11,-6.63,0,0.0462,0.000397,0.0015,0.375,0.36,98.998,1HHeOs6zRdF8Ck58easiAY,spotify:track:1HHeOs6zRdF8Ck58easiAY,274213,4,Lady Gaga,Alejandro,The Fame Monster (Deluxe Edition),2009-11-05,2023-01-12,70
0.875,0.631,1,-3.475,1,0.099,0.00542,2.54e-06,0.127,0.549,120.003,0BxfFnk0YzONqvmrkO0QrB,spotify:track:0BxfFnk0YzONqvmrkO0QrB,272080,4,The Pussycat Dolls,Don't Cha,PCD,2005-01-01,2023-01-12,70
0.687,0.723,7,-4.751,1,0.0709,0.122,0.00102,0.573,0.432,76.0,3pD0f7hSJg2XdQ6udw5Tey,spotify:track:3pD0f7hSJg2XdQ6udw5Tey,448573,4,Justin Timberlake,What Goes Around.../...Comes Around (Interlude),FutureSex/LoveSounds,2006-09-12,2023-01-12,70
0.407,0.558,0,-13.609,1,0.0552,0.0541,1.51e-06,0.34,0.777,71.815,3N4DI1vuTSX1tz7fa2NQZw,spotify:track:3N4DI1vuTSX1tz7fa2NQZw,214947,4,Amy Winehouse,Rehab,Back To Black (Deluxe Edition),2006-01-01,2023-01-12,71
0.825,0.832,5,-5.853,0,0.0403,0.00587,0.000789,0.114,0.713,122.021,7rl7ao5pb9BhvAzPdWStxi,spotify:track:7rl7ao5pb9BhvAzPdWStxi,220627,4,Lady Gaga,Telephone,The Fame Monster (Deluxe Edition),2009-08-05,2023-01-12,69
0.694,0.496,9,-14.222,1,0.0329,0.0139,0.00356,0.0644,0.799,103.372,0DMRKqrpd0QO4RWiEdMib0,spotify:track:0DMRKqrpd0QO4RWiEdMib0,257187,4,Amy Winehouse,You Know I'm No Good,Back To Black (Deluxe Edition),2006-01-01,2023-01-12,70
0.52,0.731,6,-5.338,0,0.0557,0.342,0.00101,0.311,0.662,173.93,4LRPiXqCikLlN15c3yImP7,spotify:track:4LRPiXqCikLlN15c3yImP7,167303,4,Harry Styles,As It Was,As It Was,2022-03-31,2023-01-12,91
0.489,0.435,9,-15.558,0,0.163,0.0856,3.91e-05,0.113,0.455,175.865,5DEitTu33CUjozBijXiLNb,spotify:track:5DEitTu33CUjozBijXiLNb,142693,4,Amy Winehouse,Some Unholy War,Back To Black (Deluxe Edition),2006-01-01,2023-01-12,58
0.648,0.931,1,-3.15,0,0.181,0.00937,0.0,0.752,0.744,153.649,2ygMBIctKIAfbEBcT9065L,spotify:track:2ygMBIctKIAfbEBcT9065L,213067,4,Black Eyed Peas,Pump It,Monkey Business,2005-01-01,2023-01-12,74
0.724,0.695,11,-5.226,1,0.0622,0.073,0.0,0.0889,0.235,139.0,4fixebDZAVToLbUCuEloa2,spotify:track:4fixebDZAVToLbUCuEloa2,224400,4,Britney Spears,Womanizer,Circus (Deluxe Version),2008-12-02,2023-01-12,74
0.659,0.628,0,-8.685,0,0.179,0.186,0.0,0.105,0.262,94.05,3JA9Jsuxr4xgHXEawAdCp4,spotify:track:3JA9Jsuxr4xgHXEawAdCp4,219427,4,Black Eyed Peas,Just Can’t Get Enough,The Beginning,2010-01-01,2023-01-12,74
0.762,0.807,10,-5.573,0,0.292,0.0539,0.0,0.105,0.711,91.107,7hZoTr4ffMGqm9opMiGmBp,spotify:track:7hZoTr4ffMGqm9opMiGmBp,150819,4,IDK,ONCE UPON A TIME (FREESTYLE),IDK & FRIENDS :),2018-11-09,2023-01-08,59
0.87,0.556,9,-8.061,0,0.0458,0.161,0.000117,0.195,0.664,142.005,2WepYrq6xOaUBosjWVsA3w,spotify:track:2WepYrq6xOaUBosjWVsA3w,148751,4,Duckwrth,Money Dance,SuperGood,2020-08-21,2023-01-08,35
0.627,0.81,11,-4.971,1,0.284,0.314,0.0,0.546,0.637,100.136,2nAEYxNIEC5vh1HrLUbH7L,spotify:track:2nAEYxNIEC5vh1HrLUbH7L,252374,4,Topaz Jones,Black Tame,Don't Go Tellin' Your Momma,2021-04-23,2023-01-08,53
0.711,0.761,8,-3.04,1,0.225,0.067,0.0,0.041,0.718,95.824,5nEdwtSv0qqeE0l4o1lR4q,spotify:track:5nEdwtSv0qqeE0l4o1lR4q,243880,4,Sean Paul,(When You Gonna) Give It Up to Me (feat. Keyshia Cole) - Radio Version,(When You Gonna) Give It up to Me (feat. Keyshia Cole),2006-09-11,2022-12-30,66
0.735,0.824,10,-4.143,0,0.036,0.615,0.0,0.158,0.726,100.202,5qTvkDrSfvwDv6RBjjcfQr,spotify:track:5qTvkDrSfvwDv6RBjjcfQr,211666,4,Sean Paul,Get Busy,Dutty Rock,2002-11-12,2022-12-30,70
0.951,0.6,0,-4.675,0,0.0685,0.106,0.0,0.0712,0.822,125.04,0k2GOhqsrxDTAbFFSdNJjT,spotify:track:0k2GOhqsrxDTAbFFSdNJjT,218573,4,Sean Paul,Temperature,The Trinity,2005-09-26,2022-12-30,77
0.72,0.412,11,-8.687,0,0.223,0.196,0.0,0.342,0.179,114.408,5InOp6q2vvx0fShv3bzFLZ,spotify:track:5InOp6q2vvx0fShv3bzFLZ,275840,4,Drake,Know Yourself,If You're Reading This It's Too Late,2015-02-12,2022-12-30,66
0.891,0.628,2,-7.863,1,0.0551,0.00258,0.00019,0.0504,0.552,134.966,0wwPcA6wtMf6HUMpIRdeP7,spotify:track:0wwPcA6wtMf6HUMpIRdeP7,267067,4,Drake,Hotline Bling,Views,2016-05-06,2022-12-30,76
0.794,0.523,8,-7.829,1,0.161,0.0331,0.0,0.156,0.56,86.307,3dgQqOiQ9fCKVhNOedd2lf,spotify:track:3dgQqOiQ9fCKVhNOedd2lf,174120,4,Drake,Started From the Bottom,Nothing Was The Same (Deluxe),2013-01-01,2022-12-30,64
0.835,0.626,1,-5.833,1,0.125,0.0589,6e-05,0.396,0.35,91.03,2G7V7zsVDxg1yRsu7Ew9RJ,spotify:track:2G7V7zsVDxg1yRsu7Ew9RJ,217925,4,Drake,In My Feelings,Scorpion,2018-06-29,2022-12-30,73
0.792,0.625,1,-5.609,1,0.0536,0.00776,0.0018,0.329,0.37,103.967,1zi7xx7UVEFkmKfv06H8x0,spotify:track:1zi7xx7UVEFkmKfv06H8x0,173987,4,Drake,One Dance,Views,2016-05-06,2022-12-30,83
0.809,0.463,11,-11.377,1,0.0396,0.256,0.085,0.109,0.364,111.98,5mCPDVBb16L4XQwDdbRUpz,spotify:track:5mCPDVBb16L4XQwDdbRUpz,298941,4,Drake,Passionfruit,More Life,2017-03-18,2022-12-30,80
0.585,0.909,8,-6.474,1,0.0707,0.0891,9.7e-05,0.119,0.758,93.372,3CA9pLiwRIGtUBiMjbZmRw,spotify:track:3CA9pLiwRIGtUBiMjbZmRw,210747,4,Drake,Nice For What,Scorpion,2018-06-29,2022-12-30,75
0.834,0.454,1,-9.75,0,0.201,0.321,6.15e-06,0.114,0.837,81.618,127QTOFJsJQp5LbJbu3A1y,spotify:track:127QTOFJsJQp5LbJbu3A1y,247059,4,Drake,Toosie Slide,Toosie Slide,2020-04-03,2022-12-30,71
0.735,0.449,10,-7.507,1,0.347,0.629,0.0,0.113,0.0397,122.947,4wVOKKEHUJxHCFFNUWDn0B,spotify:track:4wVOKKEHUJxHCFFNUWDn0B,220488,4,Drake,Chicago Freestyle (feat. Giveon),Dark Lane Demo Tapes,2020-05-01,2022-12-30,79
0.486,0.545,11,-7.924,1,0.0336,0.0652,0.00474,0.0642,0.0385,150.187,4FyesJzVpA39hbYvcseO2d,spotify:track:4FyesJzVpA39hbYvcseO2d,123891,4,Lil Uzi Vert,Just Wanna Rock,Just Wanna Rock,2022-10-17,2022-12-30,89
0.887,0.882,11,-6.348,0,0.264,0.148,1.52e-05,0.311,0.34,100.031,6hSjJXDPfbkpaL5wRCjVcm,spotify:track:6hSjJXDPfbkpaL5wRCjVcm,184800,4,SALUKI,Тупик (feat. ROCKET),Властелин Калек,2019-06-07,2022-12-30,39
0.329,0.672,2,-8.879,0,0.0465,0.312,1.04e-05,0.164,0.376,76.056,6UHEOqTUJw3CaWLALXQdTh,spotify:track:6UHEOqTUJw3CaWLALXQdTh,198110,4,Ivan Dorn,Кроме тебя,Кроме тебя,2021-04-16,2022-12-16,31
0.851,0.819,7,-5.173,1,0.212,0.337,0.000153,0.0658,0.903,83.154,5unjCay0kUjuej5ebn4nS4,spotify:track:5unjCay0kUjuej5ebn4nS4,164041,3,Pharrell Williams,Down In Atlanta,Down In Atlanta,2022-11-18,2022-12-14,77
0.738,0.659,1,-2.398,1,0.17,0.0411,0.0,0.0681,0.488,148.007,31UJ8vd4JQc1JEa7TgcDSz,spotify:track:31UJ8vd4JQc1JEa7TgcDSz,144730,4,A$AP Rocky,Shittin' Me,Shittin' Me,2022-12-02,2022-12-14,69
0.882,0.395,2,-8.148,1,0.242,0.00131,0.000297,0.127,0.392,140.021,5yl7WSp3mot0nepMQvfVi3,spotify:track:5yl7WSp3mot0nepMQvfVi3,95983,4,IDK,42 Hundred Choices,Is He Real?,2019-09-04,2022-12-14,59
0.551,0.896,9,-3.152,0,0.109,0.033,0.0,0.0899,0.858,171.79,4faFAhOflLzhfJECveRwva,spotify:track:4faFAhOflLzhfJECveRwva,226640,4,Rob Thomas,Lonely No More,Something to Be,2005-04-05,2022-12-13,55
0.808,0.64,8,-5.355,1,0.309,0.135,1.06e-06,0.209,0.672,170.025,2buuesSQNcXtvL0XBwGav5,spotify:track:2buuesSQNcXtvL0XBwGav5,108962,4,IDK,Lilly,Is He Real?,2019-09-04,2022-12-13,46
0.884,0.572,1,-6.229,1,0.0993,0.0125,0.000359,0.125,0.44,136.114,3pX767GK22EHwYEYLNEuoo,spotify:track:3pX767GK22EHwYEYLNEuoo,112943,4,IDK,24,Is He Real?,2019-09-04,2022-12-13,53
0.0958,0.322,10,-13.753,0,0.0458,0.159,0.855,0.105,0.0332,87.339,58vWVeAtv2LKwlYyRLPWV5,spotify:track:58vWVeAtv2LKwlYyRLPWV5,374400,3,Max Richter,On the Nature of Daylight,Voyager - Essential Max Richter,2019-10-04,2022-12-13,45
0.772,0.826,0,-5.135,1,0.0344,0.0176,8.56e-06,0.383,0.871,119.995,52a6VcF23v5HB7KfDEmBHq,spotify:track:52a6VcF23v5HB7KfDEmBHq,221973,4,Passion Pit,Carried Away,Gossamer,2012-07-23,2022-12-13,56
0.568,0.719,8,-5.406,1,0.0354,0.0892,1.84e-06,0.233,0.539,106.036,4prEPl61C8qZpeo3IkYSMl,spotify:track:4prEPl61C8qZpeo3IkYSMl,174760,4,Passion Pit,Sleepyhead,Manners,2009-01-01,2022-12-13,64
0.566,0.755,11,-5.526,1,0.0368,0.0338,0.0,0.315,0.445,101.006,4Sfa7hdVkqlM8UW5LsSY3F,spotify:track:4Sfa7hdVkqlM8UW5LsSY3F,264493,4,Passion Pit,Take a Walk,Gossamer,2012-07-23,2022-12-13,65
0.896,0.532,2,-6.436,1,0.0812,0.0582,0.0226,0.115,0.591,100.021,3vjxSJnn78NbVjGTwUprQ9,spotify:track:3vjxSJnn78NbVjGTwUprQ9,135300,4,CAPTOWN,Разная дрянь,Разная дрянь,2021-02-02,2022-12-09,47
0.629,0.692,6,-3.332,1,0.0678,0.173,0.0,0.0675,0.737,154.211,62oqxoJQYPCyjZ2ChH7foI,spotify:track:62oqxoJQYPCyjZ2ChH7foI,105195,4,Fetty Wap,Sweet Yamz,Sweet Yamz,2022-11-18,2022-12-09,67
0.653,0.547,8,-6.324,1,0.171,0.00898,0.0,0.116,0.248,93.631,6ujdLuZXkyp4yKOZSE64nM,spotify:track:6ujdLuZXkyp4yKOZSE64nM,163509,4,Baby Keem,pink panties,The Melodic Blue (Deluxe),2022-10-28,2022-12-08,52
0.876,0.628,1,-6.595,1,0.0935,0.0165,0.0339,0.0938,0.809,118.028,5YLGlPYkZBDXieMwzVve7g,spotify:track:5YLGlPYkZBDXieMwzVve7g,203383,4,Beyoncé,MOVE (feat. Grace Jones & Tems),RENAISSANCE,2022-07-29,2022-12-07,66
0.554,0.535,5,-8.959,0,0.186,0.0616,1.32e-05,0.124,0.136,105.865,1MpCaOeUWhox2Fgigbe1cL,spotify:track:1MpCaOeUWhox2Fgigbe1cL,208014,4,Beyoncé,I'M THAT GIRL,RENAISSANCE,2022-07-29,2022-12-07,70
0.903,0.519,1,-9.151,1,0.26,0.281,0.000106,0.155,0.587,114.991,0314PeD1sQNonfVWix3B2K,spotify:track:0314PeD1sQNonfVWix3B2K,116727,4,Beyoncé,ENERGY (feat. Beam),RENAISSANCE,2022-07-29,2022-12-07,72
0.693,0.887,1,-5.039,0,0.0795,0.0581,2.71e-06,0.27,0.864,114.942,5pyoxDZ1PX0KxBxiRVxA4U,spotify:track:5pyoxDZ1PX0KxBxiRVxA4U,278282,4,Beyoncé,BREAK MY SOUL,RENAISSANCE,2022-07-29,2022-12-07,75
0.699,0.713,11,-7.129,1,0.192,0.0953,0.0,0.224,0.75,83.085,1sNBHeUSm0zmol4taxYhzY,spotify:track:1sNBHeUSm0zmol4taxYhzY,117333,4,BROCKHAMPTON,KEEP IT SOUTHERN,TM,2022-11-18,2022-12-07,53
0.746,0.497,10,-8.313,1,0.227,0.511,2.2e-05,0.0988,0.169,93.971,0WAmi1ry8xMt4UjH1t0AdI,spotify:track:0WAmi1ry8xMt4UjH1t0AdI,174707,4,Metro Boomin,Lock On Me (with Travis Scott & Future),HEROES & VILLAINS (Heroes Version),2022-12-05,2022-12-06,59
0.715,0.62,1,-6.005,0,0.0484,0.417,0.0,0.0822,0.172,97.95,4SI5jkfBClYmMWhWWH8f9p,spotify:track:4SI5jkfBClYmMWhWWH8f9p,221520,4,Metro Boomin,Creepin' (with The Weeknd & 21 Savage),HEROES & VILLAINS (Heroes Version),2022-12-05,2022-12-06,70
0.684,0.671,7,-4.392,0,0.0464,0.189,2.37e-05,0.122,0.156,88.048,36acAPpnxmi4GoeJe1uKdv,spotify:track:36acAPpnxmi4GoeJe1uKdv,199920,4,Metro Boomin,Too Many Nights (feat. Don Toliver & with Future),HEROES & VILLAINS (Heroes Version),2022-12-05,2022-12-06,66
0.526,0.606,5,-5.3,0,0.259,0.152,2.36e-06,0.194,0.492,116.622,1AJuDhb8wqV4gU5Ts6Htl5,spotify:track:1AJuDhb8wqV4gU5Ts6Htl5,182667,4,Metro Boomin,Superhero (Heroes & Villains) [with Future & Chris Brown],HEROES & VILLAINS (Heroes Version),2022-12-05,2022-12-06,69
0.941,0.753,6,-4.905,1,0.0905,0.458,0.61,0.109,0.681,127.02,1635wWSdp29PO3GxYhy991,spotify:track:1635wWSdp29PO3GxYhy991,169606,4,Jengi,Bel Mercy,Bel Mercy,2022-12-02,2022-12-02,79
0.791,0.621,1,-6.598,1,0.213,0.263,0.0,0.0845,0.609,106.4,6exFcfwwXMuM338sJdqgYp,spotify:track:6exFcfwwXMuM338sJdqgYp,151000,4,Ринат Абушаев,Back,Back,2022-11-14,2022-12-02,43
0.446,0.838,1,-6.637,1,0.068,0.000263,0.0,0.289,0.408,172.258,2ERO9U3x7nl4QJsDDnjXrw,spotify:track:2ERO9U3x7nl4QJsDDnjXrw,195325,4,Placebo,Infra-Red,A Place For Us To Dream,2016-10-07,2022-12-02,44
0.57,0.774,1,-3.677,0,0.25,0.32,0.000332,0.199,0.229,65.964,4ymByZAPRqTlyJASAoJ921,spotify:track:4ymByZAPRqTlyJASAoJ921,244293,4,Timbaland,Bounce,Shock Value,2007-04-02,2022-12-01,58
0.697,0.739,1,-8.356,1,0.128,0.0191,0.0256,0.214,0.289,112.058,5QoWB3fZCKdwWkKFagoFI4,spotify:track:5QoWB3fZCKdwWkKFagoFI4,172220,4,Khazali,Passion Controller,Passion Controller,2022-01-14,2022-12-01,50
0.636,0.827,1,-9.321,1,0.226,0.237,0.000114,0.324,0.652,113.714,7aBh7zmJbRT6YcdYsYU9kn,spotify:track:7aBh7zmJbRT6YcdYsYU9kn,154500,4,Cabu,Sun Moon,Sun Moon,2021-12-10,2022-12-01,32
0.695,0.597,11,-12.121,0,0.349,0.213,0.0214,0.503,0.572,105.966,6YmX8SDySkBPnvWiGF7AqU,spotify:track:6YmX8SDySkBPnvWiGF7AqU,167573,4,KAYTRANADA,Oh No,BUBBA,2019-12-13,2022-12-01,45
0.707,0.863,11,-7.469,1,0.056,0.000576,0.893,0.236,0.735,108.022,21mimz3pv3JD4r8wEJJfNg,spotify:track:21mimz3pv3JD4r8wEJJfNg,113347,4,KAYTRANADA,Puff Lah,BUBBA,2019-12-13,2022-12-01,50
0.708,0.572,1,-13.1,1,0.106,0.206,0.301,0.151,0.269,117.958,6ZBFJwlj6uJ1Th4m80KlSU,spotify:track:6ZBFJwlj6uJ1Th4m80KlSU,276760,4,KAYTRANADA,VIVID DREAMS,99.9%,2016-05-06,2022-12-01,53
0.678,0.62,1,-10.024,1,0.321,0.036,0.00557,0.138,0.433,135.553,4v20N4W83XDJORt7WCedII,spotify:track:4v20N4W83XDJORt7WCedII,298027,4,KAYTRANADA,GLOWED UP,99.9%,2016-05-06,2022-12-01,54
0.825,0.694,1,-7.604,1,0.179,0.0247,0.0125,0.357,0.808,112.018,5TDErCJDnkz8iJkfR11tP8,spotify:track:5TDErCJDnkz8iJkfR11tP8,197240,4,KAYTRANADA,TOGETHER,99.9%,2016-05-06,2022-12-01,51
0.787,0.809,1,-8.53,1,0.171,0.00254,0.0494,0.097,0.339,110.063,3uJ0spXcRqOO8PCGAnjSeQ,spotify:track:3uJ0spXcRqOO8PCGAnjSeQ,139653,4,KAYTRANADA,Gray Area (feat. Mick Jenkins),BUBBA,2019-12-13,2022-12-01,53
0.687,0.672,0,-5.975,0,0.0573,0.198,0.0,0.175,0.792,80.035,42tBlHWL3VfDkUM2iWcc5p,spotify:track:42tBlHWL3VfDkUM2iWcc5p,261000,4,BROCKHAMPTON,GUMMY,SATURATION II,2017-08-25,2022-11-30,54
0.37,0.467,5,-9.013,1,0.0273,0.0205,0.572,0.109,0.182,94.485,0yc6Gst2xkRu0eMLeRMGCX,spotify:track:0yc6Gst2xkRu0eMLeRMGCX,290617,4,Cigarettes After Sex,Apocalypse,Cigarettes After Sex,2017-06-09,2022-11-10,82
0.671,0.726,7,-8.689,1,0.0272,0.389,0.882,0.14,0.581,102.002,393MDhe62s8hbH8ETrlxe5,spotify:track:393MDhe62s8hbH8ETrlxe5,294227,4,Kid Cudi,Mr. Rager,Man On The Moon II: The Legend Of Mr. Rager,2010-11-09,2022-11-10,73
0.539,0.615,1,-8.746,0,0.252,0.173,0.0056,0.144,0.493,163.924,6u3CPnFMKANYgfdiifFOiJ,spotify:track:6u3CPnFMKANYgfdiifFOiJ,214693,4,Brent Faiyaz,"Gravity (feat. Tyler, The Creator)","Gravity (feat. Tyler, The Creator)",2021-01-29,2022-11-10,68
0.457,0.188,8,-11.912,0,0.0274,0.96,0.0648,0.0958,0.175,66.256,2wCbsLmmjendUDzsMGubP0,spotify:track:2wCbsLmmjendUDzsMGubP0,150837,4,Your Anxiety Buddy,Chamber of Reflection (Live Cover),Chamber of Reflection (Remixes),2022-10-31,2022-11-10,69
0.507,0.79,0,-7.307,0,0.0294,0.233,0.139,0.145,0.6,147.065,1ZgMsA55GIY7ICkQh5MILA,spotify:track:1ZgMsA55GIY7ICkQh5MILA,320467,4,Beach House,Space Song,Depression Cherry,2015-08-28,2022-11-10,77
0.354,0.675,2,-5.835,1,0.0324,0.439,8.55e-05,0.28,0.108,135.034,56eSclzdXaWU5jOJ7DX7Vp,spotify:track:56eSclzdXaWU5jOJ7DX7Vp,298680,4,Beach House,Silver Soul,Teen Dream,2010-01-25,2022-11-10,63
0.398,0.493,9,-9.561,1,0.0303,0.00347,0.000157,0.106,0.412,82.048,2Co0IjcLTSHMtodwD4gzfg,spotify:track:2Co0IjcLTSHMtodwD4gzfg,170240,4,Mitski,I Bet on Losing Dogs,Puberty 2,2016-06-17,2022-11-08,72
0.647,0.398,4,-8.63,1,0.0283,0.108,0.107,0.148,0.32,102.029,0mO6oS60RST2sWmN2FKknP,spotify:track:0mO6oS60RST2sWmN2FKknP,432560,4,Tame Impala,One More Hour,The Slow Rush,2020-02-14,2022-11-08,73
0.595,0.696,10,-5.921,0,0.0417,0.276,0.0,0.411,0.533,88.013,2vtmY2mSccRzKGjtcHSzI3,spotify:track:2vtmY2mSccRzKGjtcHSzI3,222920,4,Lana Del Rey,Diet Mountain Dew,Born To Die - The Paradise Edition,2012-01-01,2022-11-08,73
0.695,0.923,1,-3.93,0,0.0522,0.0425,0.0469,0.116,0.551,108.014,64dLd6rVqDLtkXFYrEUHIU,spotify:track:64dLd6rVqDLtkXFYrEUHIU,215150,3,Gorillaz,New Gold (feat. Tame Impala and Bootie Brown),New Gold (feat. Tame Impala and Bootie Brown),2022-08-31,2022-11-08,75
0.557,0.16,5,-16.302,0,0.0315,0.922,0.000756,0.0996,0.133,136.01,4PEGwWH4tL6H7dGl4uVSPg,spotify:track:4PEGwWH4tL6H7dGl4uVSPg,218000,4,Sade,Like a Tattoo,Love Deluxe,1992-10-26,2022-11-07,75
0.734,0.58,9,-6.619,0,0.0321,0.238,0.0006,0.0298,0.962,119.336,1Hv1VTm8zeOeybub15mA2R,spotify:track:1Hv1VTm8zeOeybub15mA2R,258693,4,Sade,Smooth Operator - Single Version,The Best of Sade,1994-10-31,2022-11-07,69
0.652,0.458,1,-12.272,1,0.194,0.0282,0.0,0.664,0.174,100.046,73eGiraiU7JkIsmFyQyJAv,spotify:track:73eGiraiU7JkIsmFyQyJAv,443413,4,Kendrick Lamar,Real,"good kid, m.A.A.d city (Deluxe)",2012-10-22,2022-11-02,50
0.9,0.316,9,-8.797,1,0.332,0.684,0.0771,0.0853,0.844,129.914,39oeKRgsLeynDIbWuXyA47,spotify:track:39oeKRgsLeynDIbWuXyA47,107077,4,Joji,CAN'T GET OVER YOU (feat. Clams Casino),BALLADS 1,2018-10-26,2022-11-02,68
0.417,0.408,5,-13.343,0,0.0761,0.535,0.655,0.102,0.233,165.799,6tJFtthY0rI1x06qb8NjK0,spotify:track:6tJFtthY0rI1x06qb8NjK0,198862,4,Ludwig Goransson,The Mandalorian,The Mandalorian: Chapter 1 (Original Score),2019-11-12,2022-10-28,58
0.934,0.706,7,-5.317,1,0.178,0.0305,0.000121,0.136,0.614,112.962,4HSAJpNocVNJbwbQvtCMdO,spotify:track:4HSAJpNocVNJbwbQvtCMdO,236480,4,Snoop Dogg,Signs,R&G (Rhythm & Gangsta): The Masterpiece,2004-01-01,2022-10-25,62
0.471,0.634,8,-7.406,1,0.031,0.159,0.365,0.374,0.366,132.542,0TZejo18HlJ86OrWNsXKnw,spotify:track:0TZejo18HlJ86OrWNsXKnw,208500,4,Strawberry Guy,Mrs Magic,Mrs Magic,2019-07-24,2022-10-19,75
0.595,0.588,10,-11.313,1,0.0624,0.507,0.781,0.113,0.518,166.061,6oofvZ4K8vBHnCT1oKERcd,spotify:track:6oofvZ4K8vBHnCT1oKERcd,145634,4,EKKSTACY,i walk this earth all by myself,NEGATIVE,2021-11-12,2022-10-19,73
0.601,0.772,0,-4.137,0,0.031,0.181,0.0543,0.0928,0.294,99.445,3a6PN6BRB8PP3ms48s7kU1,spotify:track:3a6PN6BRB8PP3ms48s7kU1,283573,4,Gorillaz,Empire Ants (feat. Little Dragon),Plastic Beach,2010-03-03,2022-10-19,66
0.489,0.467,1,-7.686,1,0.0284,0.365,0.872,0.0572,0.146,104.887,45oBuExKn34tep5nf585jQ,spotify:track:45oBuExKn34tep5nf585jQ,368547,3,Beach House,PPP,Depression Cherry,2015-08-28,2022-10-19,51
0.538,0.557,11,-8.678,1,0.0914,0.262,0.914,0.102,0.506,131.03,7H7NyZ3G075GqPx2evsfeb,spotify:track:7H7NyZ3G075GqPx2evsfeb,231724,4,Mac DeMarco,Chamber Of Reflection,Salad Days,2014-04-01,2022-10-19,82
0.541,0.674,1,-7.04,0,0.0841,0.00649,9.76e-05,0.235,0.123,103.139,0YsGMHid6sFq5PcToe3JZE,spotify:track:0YsGMHid6sFq5PcToe3JZE,317293,4,Childish Gambino,Les,Camp,2011-11-15,2022-10-19,80
0.927,0.525,8,-8.256,0,0.0667,0.274,0.238,0.0672,0.778,118.023,1vMGIZbIkpaLSagdF2ygcV,spotify:track:1vMGIZbIkpaLSagdF2ygcV,198305,4,NEIL FRANCES,Music Sounds Better with You,Music Sounds Better with You,2017-07-21,2022-10-18,66
0.929,0.573,6,-6.934,0,0.0511,0.0173,0.00347,0.122,0.305,128.037,4XXfQ8fBHMIgcygY4hV6RC,spotify:track:4XXfQ8fBHMIgcygY4hV6RC,237231,4,Yaeji,Raingurl,EP2,2017-11-03,2022-10-18,61
0.742,0.553,8,-8.98,1,0.419,0.389,0.0,0.0694,0.508,84.931,2hwOoMtWPtTSSn6WHV7Vp5,spotify:track:2hwOoMtWPtTSSn6WHV7Vp5,209440,4,Mac Miller,Blue World,Circles,2020-01-17,2022-10-18,73
0.603,0.864,4,-3.341,0,0.0668,0.055,0.00493,0.0986,0.616,160.488,5773KSWFzg9kCc8yazjbSt,spotify:track:5773KSWFzg9kCc8yazjbSt,184627,4,Le Tigre,Deceptacon,Le Tigre,1999-10-26,2022-10-18,66
0.72,0.744,1,-6.938,0,0.12,0.237,0.0,0.255,0.619,78.953,2Lhdl74nwwVGOE2Gv35QuK,spotify:track:2Lhdl74nwwVGOE2Gv35QuK,243773,4,Gym Class Heroes,Cupid's Chokehold / Breakfast in America,The Papercut Chronicles,2005-02-22,2022-10-18,73
0.764,0.705,3,-5.279,0,0.0278,0.0371,1.94e-05,0.0943,0.672,101.003,5e08a8D8T3z4LDXbUIjxKQ,spotify:track:5e08a8D8T3z4LDXbUIjxKQ,196520,4,WILLOW,Wait a Minute!,ARDIPITHECUS,2015-12-18,2022-10-18,64
0.873,0.479,5,-6.683,1,0.222,0.656,8.13e-06,0.19,0.945,108.014,3aUviSdBVbsdmH406j5GZC,spotify:track:3aUviSdBVbsdmH406j5GZC,135013,4,Duckwrth,Crush,Crush,2019-08-30,2022-10-18,56
0.708,0.552,10,-7.101,1,0.0714,0.542,0.00377,0.175,0.596,87.195,4NP3gHruXgIo4YSJSNDRBz,spotify:track:4NP3gHruXgIo4YSJSNDRBz,131884,4,Aminé,Charmander,Charmander,2021-10-25,2022-10-18,51
0.664,0.447,6,-7.272,0,0.289,0.112,0.0,0.091,0.659,83.138,5cc9Zbfp9u10sfJeKZ3h16,spotify:track:5cc9Zbfp9u10sfJeKZ3h16,234215,4,Childish Gambino,3005,Because the Internet,2013-12-10,2022-10-18,76
0.576,0.874,11,-5.197,1,0.419,0.311,0.0,0.633,0.861,107.18,0lO5zEKJ60lvz8X192p3WK,spotify:track:0lO5zEKJ60lvz8X192p3WK,145173,4,Lou Phelps,MUST BE,EXTRA EXTRA!,2020-10-30,2022-10-18,49
0.791,0.267,5,-11.997,1,0.0415,0.674,0.534,0.102,0.544,165.99,01TyFEZu6mHbffsVfxgrFn,spotify:track:01TyFEZu6mHbffsVfxgrFn,215111,4,Men I Trust,Show Me How,Show Me How,2018-02-28,2022-10-18,78
0.785,0.539,7,-8.939,0,0.274,0.0818,0.0,0.107,0.582,149.067,3DpkZtewkU0L76iT6j5gvV,spotify:track:3DpkZtewkU0L76iT6j5gvV,202560,4,BROCKHAMPTON,BANKROLL (feat. A$AP Rocky & A$AP Ferg),"ROADRUNNER: NEW LIGHT, NEW MACHINE PLUS PACK",2021-06-04,2022-10-18,36
0.739,0.853,9,-6.539,0,0.0296,0.0217,0.00357,0.057,0.652,123.509,1IsvXZXAV9EBC4hBKW6yDN,spotify:track:1IsvXZXAV9EBC4hBKW6yDN,235027,4,Everything But The Girl,Missing - Todd Terry Remix / Radio Edit,Like The Deserts Miss The Rain,2002-01-01,2022-10-08,63
0.78,0.689,7,-5.668,1,0.141,0.0368,9.69e-06,0.0698,0.642,115.042,1xzi1Jcr7mEi9K2RfzLOqS,spotify:track:1xzi1Jcr7mEi9K2RfzLOqS,225389,4,Beyoncé,CUFF IT,RENAISSANCE,2022-07-29,2022-10-07,90
0.967,0.583,7,-5.562,0,0.0789,0.0584,0.0,0.0519,0.964,117.0,0O45fw2L5vsWpdsOdXwNAR,spotify:track:0O45fw2L5vsWpdsOdXwNAR,242733,4,Justin Timberlake,SexyBack (feat. Timbaland),FutureSex/LoveSounds,2006-09-12,2022-10-07,76
0.683,0.85,11,-5.042,0,0.0699,0.0781,1.09e-06,0.741,0.598,107.988,0Fl4eWzVaMUOdXcOrj6F1q,spotify:track:0Fl4eWzVaMUOdXcOrj6F1q,368758,4,Beyoncé,VIRGO'S GROOVE,RENAISSANCE,2022-07-29,2022-10-02,68
0.842,0.749,7,-5.48,1,0.0421,0.00108,4.9e-06,0.732,0.962,120.023,11FM8nfNmnlkaixalvigwp,spotify:track:11FM8nfNmnlkaixalvigwp,146023,4,Фираз Шатохин,Джанна,Джанна,2021-05-27,2022-09-30,15
0.885,0.564,9,-6.385,0,0.0494,0.0319,0.000218,0.108,0.314,110.001,1WOhgHUigM5TR2DRe7IkZ4,spotify:track:1WOhgHUigM5TR2DRe7IkZ4,183273,4,Фираз Шатохин,Девочка-наркоманка,Девочка-наркоманка,2020-10-17,2022-09-30,20
0.808,0.647,11,-6.947,0,0.166,0.0716,0.000466,0.205,0.29,110.036,7HRv1sYuwgoea1m0JRvChV,spotify:track:7HRv1sYuwgoea1m0JRvChV,266000,4,BROCKHAMPTON,GOLD,SATURATION,2017-06-09,2022-09-27,56
0.643,0.573,4,-7.034,1,0.0709,0.41,0.00017,0.0695,0.47,165.192,694vvR5o19xHPhhJ5QdLN7,spotify:track:694vvR5o19xHPhhJ5QdLN7,259747,4,BROCKHAMPTON,NO HALO,GINGER,2019-08-23,2022-09-27,56
0.811,0.57,5,-8.093,1,0.129,0.253,0.0,0.148,0.814,128.066,1t4pPnbkOjzoA5RvsDjvUU,spotify:track:1t4pPnbkOjzoA5RvsDjvUU,251250,4,BROCKHAMPTON,1999 WILDFIRE,1999 WILDFIRE,2018-07-07,2022-09-27,56
0.869,0.747,9,-7.143,1,0.151,0.512,0.0,0.124,0.784,124.932,6e7hIhOLH9zvb3zP5O5gt0,spotify:track:6e7hIhOLH9zvb3zP5O5gt0,142187,4,BROCKHAMPTON,BOY BYE,GINGER,2019-08-23,2022-09-27,59
0.945,0.702,11,-5.016,0,0.12,0.591,0.000538,0.0788,0.678,119.887,5bknBRjKJZ643DAN2w8Yoy,spotify:track:5bknBRjKJZ643DAN2w8Yoy,259000,4,BROCKHAMPTON,FACE,SATURATION,2017-06-09,2022-09-27,61
0.453,0.538,1,-8.212,1,0.0638,0.449,0.0,0.19,0.516,122.973,6U0FIYXCQ3TGrk4tFpLrEA,spotify:track:6U0FIYXCQ3TGrk4tFpLrEA,204533,4,BROCKHAMPTON,SUGAR,GINGER,2019-08-23,2022-09-27,70
0.735,0.766,1,-4.485,1,0.0383,0.025,0.00138,0.108,0.6,127.985,0U10zFw4GlBacOy9VDGfGL,spotify:track:0U10zFw4GlBacOy9VDGfGL,215227,4,Rihanna,We Found Love,Talk That Talk,2011-11-19,2022-09-27,75
0.664,0.845,4,-6.115,0,0.0461,0.181,0.0,0.267,0.357,96.005,3ZuiIFm9nRnkRz8AZAekjJ,spotify:track:3ZuiIFm9nRnkRz8AZAekjJ,211253,4,Far East Movement,Rocketeer,Free Wired,2010-01-01,2022-09-27,61
0.557,0.772,0,-5.068,1,0.0304,0.000318,0.00234,0.176,0.324,99.967,1NrfEZrNm0Dq8ulfYMxwSc,spotify:track:1NrfEZrNm0Dq8ulfYMxwSc,234867,4,Lady Gaga,So Happy I Could Die,The Fame Monster (Deluxe Edition),2009-11-05,2022-09-27,53
0.583,0.829,1,-4.603,1,0.134,0.00864,0.0,0.0426,0.575,174.028,49FYlytm3dAAraYgpoJZux,spotify:track:49FYlytm3dAAraYgpoJZux,275987,4,Rihanna,Umbrella,Good Girl Gone Bad: Reloaded,2008-06-02,2022-09-27,80
0.836,0.743,10,-6.305,0,0.0653,0.0974,0.0,0.335,0.723,108.965,6HMtHNpW6YPi1hrw9tgF8P,spotify:track:6HMtHNpW6YPi1hrw9tgF8P,191938,4,Lizzo,About Damn Time,Special,2022-07-15,2022-09-27,77
0.822,0.739,1,-4.541,0,0.0311,0.0264,4.26e-05,0.181,0.745,118.992,3QuEpyj4kTRWiWuckd1hcK,spotify:track:3QuEpyj4kTRWiWuckd1hcK,241933,4,Lady Gaga,Just Dance,The Fame Monster (Deluxe Edition),2009-11-05,2022-09-27,54
0.789,0.716,11,-4.241,0,0.0432,0.129,1.07e-05,0.069,0.611,125.906,0AH6WMe3OlAlUb5miXt2FQ,spotify:track:0AH6WMe3OlAlUb5miXt2FQ,235493,4,Rihanna,Only Girl (In The World),Loud,2010-11-16,2022-09-27,70
0.865,0.69,7,-7.448,1,0.0443,0.285,0.0162,0.225,0.867,121.983,4cS2HQ6jK80vqdY9ofpztx,spotify:track:4cS2HQ6jK80vqdY9ofpztx,188867,4,Shakira,She Wolf,She Wolf (Expanded Edition),2009-01-01,2022-09-27,72
0.774,0.838,5,-3.914,0,0.114,0.0249,0.025,0.242,0.924,143.04,6I9VzXrHxO9rA9A5euc8Ak,spotify:track:6I9VzXrHxO9rA9A5euc8Ak,198800,4,Britney Spears,Toxic,In The Zone,2003-11-13,2022-09-27,80
0.664,0.934,10,-3.848,0,0.0697,0.00108,2.77e-05,0.27,0.53,130.982,7F25roCtYi55JouckaayPC,spotify:track:7F25roCtYi55JouckaayPC,249067,4,Lady Gaga,Judas,Born This Way (International Special Edition Version),2011-05-23,2022-09-27,77
0.576,0.457,0,-6.473,1,0.0304,0.143,3.05e-05,0.0917,0.301,138.984,0rzaRSujxA0bKyjJl6vHYq,spotify:track:0rzaRSujxA0bKyjJl6vHYq,218577,4,Harry Styles,Satellite,Harry's House,2022-05-20,2022-09-27,79
0.707,0.813,11,-4.515,0,0.0571,0.0863,0.0,0.168,0.722,124.921,2VOomzT6VavJOGBeySqaMc,spotify:track:2VOomzT6VavJOGBeySqaMc,238627,4,Rihanna,Disturbia,Good Girl Gone Bad: Reloaded,2008-06-02,2022-09-27,76
0.782,0.906,2,-5.229,1,0.152,0.017,0.0503,0.293,0.697,120.064,4Jvz8OW0kOa6RK23YPKMtj,spotify:track:4Jvz8OW0kOa6RK23YPKMtj,172413,4,Lady Gaga,"Beautiful, Dirty, Rich",The Fame Monster (Deluxe Edition),2009-11-05,2022-09-27,46
0.714,0.728,10,-4.595,1,0.0468,0.298,0.0,0.106,0.901,114.996,1qEmFfgcLObUfQm0j1W2CK,spotify:track:1qEmFfgcLObUfQm0j1W2CK,177955,4,Harry Styles,Late Night Talking,Harry's House,2022-05-20,2022-09-27,87
0.798,0.629,11,-6.857,0,0.0735,0.00474,2.29e-05,0.324,0.4,130.002,6wOYnPq1hPihRepcDClPUw,spotify:track:6wOYnPq1hPihRepcDClPUw,284373,4,Black Eyed Peas,Meet Me Halfway,THE E.N.D. (THE ENERGY NEVER DIES),2009-01-01,2022-09-27,66
0.791,0.733,6,-5.215,0,0.052,0.147,0.000381,0.0713,0.761,114.98,7jk7gqyEonmVVYahZN5zhW,spotify:track:7jk7gqyEonmVVYahZN5zhW,192360,4,Britney Spears,Circus,Circus (Deluxe Version),2008-12-02,2022-09-27,72
0.42,0.466,9,-5.298,1,0.0326,0.0546,0.00389,0.298,0.185,115.004,3HQcsqRjRdruUjkbDSgmVF,spotify:track:3HQcsqRjRdruUjkbDSgmVF,235587,4,Rihanna,Woo,ANTI (Deluxe),2016-01-28,2022-09-27,76
0.72,0.715,11,-4.652,1,0.04,0.258,0.0568,0.107,0.357,107.041,5LYMamLv12UPbemOaTPyeV,spotify:track:5LYMamLv12UPbemOaTPyeV,193813,4,Harry Styles,Music For a Sushi Restaurant,Harry's House,2022-05-20,2022-09-27,80
0.788,0.844,2,-3.131,1,0.0334,0.25,0.000678,0.0723,0.382,113.324,6ic8OlLUNEATToEFU3xmaH,spotify:track:6ic8OlLUNEATToEFU3xmaH,251240,4,Britney Spears,Gimme More,Blackout,2007-10-25,2022-09-27,77
0.894,0.678,6,-5.611,0,0.0523,0.00569,2.43e-06,0.317,0.844,105.024,5iHDEI2GIsx3YEa9OXPtRJ,spotify:track:5iHDEI2GIsx3YEa9OXPtRJ,216333,4,Lady Gaga,LoveGame,The Fame Monster (Deluxe Edition),2009-11-05,2022-09-27,55
0.457,0.551,5,-9.36,0,0.167,0.427,1.15e-06,0.113,0.428,89.87,7eqoqGkKwgOaWNNHx90uEZ,spotify:track:7eqoqGkKwgOaWNNHx90uEZ,307151,4,Frank Ocean,Nights,Blonde,2016-08-20,2022-09-27,77
0.912,0.655,8,-6.029,0,0.162,0.315,3.39e-05,0.0894,0.793,91.942,0W6I02J9xcqK8MtSeosEXb,spotify:track:0W6I02J9xcqK8MtSeosEXb,138293,4,Doja Cat,Get Into It (Yuh),Planet Her,2021-06-25,2022-09-27,77
0.501,0.0958,0,-15.605,1,0.0433,0.77,0.0,0.298,0.204,108.741,2LMkwUfqC6S6s6qDVlEuzV,spotify:track:2LMkwUfqC6S6s6qDVlEuzV,248808,4,Frank Ocean,White Ferrari,Blonde,2016-08-20,2022-09-27,75
0.732,0.899,0,-4.237,1,0.143,0.00496,4.64e-05,0.372,0.759,127.091,1uXbwHHfgsXcUKfSZw5ZJ0,spotify:track:1uXbwHHfgsXcUKfSZw5ZJ0,236093,4,Beyoncé,Run the World (Girls),4,2011-06-24,2022-09-27,70
0.652,0.605,8,-7.371,1,0.0393,0.00481,0.0,0.0605,0.394,126.091,360UM2DaiHZPRu0EsrOvMp,spotify:track:360UM2DaiHZPRu0EsrOvMp,292707,4,Timbaland,If We Ever Meet Again (Featuring Katy Perry),Shock Value II,2009-01-01,2022-09-27,66
0.946,0.885,2,-2.567,1,0.226,0.0616,5.04e-05,0.336,0.907,133.002,29NV5l8hdRLDcpUbj5Tzs7,spotify:track:29NV5l8hdRLDcpUbj5Tzs7,235940,4,Nicki Minaj,Super Freaky Girl - Roman Remix,Super Freaky Girl (Roman Remix),2022-08-18,2022-09-27,64
0.893,0.666,10,-5.089,0,0.138,0.0206,0.0,0.342,0.874,107.011,1BIENruTnjKdB7HD2YIlRr,spotify:track:1BIENruTnjKdB7HD2YIlRr,220427,4,Ciara,Love Sex Magic (feat. Justin Timberlake),Fantasy Ride,2009-05-01,2022-09-27,57
0.845,0.768,6,-5.448,1,0.188,0.00733,5.04e-06,0.0575,0.96,100.0,7LqjznQwfrax7MjQXmxqdQ,spotify:track:7LqjznQwfrax7MjQXmxqdQ,187840,4,Jennifer Lopez,Jenny from the Block (feat. Jadakiss & Styles P.) - Track Masters Remix,This Is Me...Then,2002-01-01,2022-09-27,68
0.646,0.77,2,-6.596,0,0.226,0.00249,0.0,0.0715,0.681,99.165,5IVuqXILoxVWvWEPm82Jxr,spotify:track:5IVuqXILoxVWvWEPm82Jxr,236133,4,Beyoncé,Crazy In Love (feat. Jay-Z),Dangerously In Love,2003-06-24,2022-09-27,76
0.545,0.545,9,-7.362,1,0.107,0.667,5.48e-05,0.417,0.549,159.94,3xKsf9qdS1CyvXSMEid6g8,spotify:track:3xKsf9qdS1CyvXSMEid6g8,184516,3,Frank Ocean,Pink + White,Blonde,2016-08-20,2022-09-27,83
0.531,0.574,10,-6.693,0,0.113,0.114,0.0308,0.256,0.272,115.68,2DHc2e5bBn4UzY0ENVFrUl,spotify:track:2DHc2e5bBn4UzY0ENVFrUl,232467,5,Timbaland,Carry Out (Featuring Justin Timberlake),Shock Value II,2009-01-01,2022-09-27,66
0.762,0.508,3,-9.112,1,0.0919,0.0584,0.00126,0.16,0.37,93.51,4osgfFTICMkcGbbigdsa53,spotify:track:4osgfFTICMkcGbbigdsa53,302347,4,Frank Ocean,Novacane,Novacane,2011-01-01,2022-09-27,78
0.85,0.631,1,-8.401,1,0.227,0.00684,0.000406,0.0679,0.738,126.002,0OPyDgTRuIdCJ9B4bYSths,spotify:track:0OPyDgTRuIdCJ9B4bYSths,237600,4,Pitbull,Hotel Room Service,Pitbull Starring In Rebelution,2009-08-27,2022-09-27,67
0.735,0.466,6,-8.65,0,0.0857,0.239,6.24e-06,0.102,0.643,99.973,0CPLnPUUHh44vAzDSM5ZlR,spotify:track:0CPLnPUUHh44vAzDSM5ZlR,208600,4,Beyoncé,Naughty Girl,Dangerously In Love,2003-03-10,2022-09-27,64
0.731,0.807,3,-6.492,0,0.1,0.181,0.751,0.319,0.765,114.759,2bLqfJjuC5syrsgDsZfGmn,spotify:track:2bLqfJjuC5syrsgDsZfGmn,179120,4,Timbaland,The Way I Are,Shock Value,2007-01-01,2022-09-27,79
0.892,0.714,4,-6.055,0,0.141,0.201,0.000234,0.0521,0.817,100.972,1AWQoqb9bSvzTjaLralEkT,spotify:track:1AWQoqb9bSvzTjaLralEkT,267267,4,Justin Timberlake,Rock Your Body,Justified,2002-11-04,2022-09-27,75
0.766,0.809,1,-6.123,1,0.279,0.0011,0.0,0.168,0.325,130.127,722tgOgdIbNe3BEyLnejw4,spotify:track:722tgOgdIbNe3BEyLnejw4,188013,4,Kanye West,Black Skinhead,Yeezus,2013-06-18,2022-09-27,72
0.723,0.772,1,-6.784,1,0.0792,0.00524,1.15e-05,0.367,0.58,102.004,4cacyP5c3PMlfnyjpg13xW,spotify:track:4cacyP5c3PMlfnyjpg13xW,146471,4,Yung Gravy,Betty (Get Money),Betty (Get Money),2022-06-10,2022-09-27,77
0.754,0.724,1,-6.329,1,0.0653,0.000236,9.23e-06,0.139,0.426,82.002,5lVvP9hPWY3cZi2tu7BP8B,spotify:track:5lVvP9hPWY3cZi2tu7BP8B,216573,4,BROCKHAMPTON,SEX,"ROADRUNNER: NEW LIGHT, NEW MACHINE PLUS PACK",2021-06-04,2022-09-27,45
0.516,0.546,5,-9.105,1,0.249,0.814,4.5e-06,0.0995,0.515,78.267,4gT3mNJA8lnlkYFqGZ8IA2,spotify:track:4gT3mNJA8lnlkYFqGZ8IA2,271733,4,Mac Miller,Small Worlds,Swimming,2018-08-03,2022-09-27,77
0.698,0.633,8,-4.946,1,0.0597,0.0605,0.000194,0.0926,0.552,96.924,3GCdLUSnKSMJhs4Tj6CV3s,spotify:track:3GCdLUSnKSMJhs4Tj6CV3s,232187,4,Kendrick Lamar,All The Stars (with SZA),Black Panther The Album Music From And Inspired By,2018-02-09,2022-09-27,83
0.531,0.803,1,-3.284,1,0.0717,0.0796,1.71e-05,0.176,0.221,142.113,22L7bfCiAkJo5xGSQgmiIO,spotify:track:22L7bfCiAkJo5xGSQgmiIO,299613,4,Kanye West,All Of The Lights,My Beautiful Dark Twisted Fantasy,2010-11-22,2022-09-27,73
0.724,0.573,7,-4.113,1,0.0549,0.118,0.0,0.538,0.438,113.088,4KW1lqgSr8TKrvBII0Brf8,spotify:track:4KW1lqgSr8TKrvBII0Brf8,135920,4,Kanye West,Father Stretch My Hands Pt. 1,The Life Of Pablo,2016-06-10,2022-09-27,79
0.641,0.807,0,-2.547,1,0.056,0.0439,0.0304,0.205,0.965,163.955,3AOVDqNiX73IUQz4Wo7aj7,spotify:track:3AOVDqNiX73IUQz4Wo7aj7,117073,4,Kevin Abstract,Boyer,ARIZONA BABY,2019-04-25,2022-09-27,40
0.665,0.535,4,-7.056,0,0.0572,0.0786,1.68e-05,0.154,0.37,138.842,6IZvVAP7VPPnsGX6bvgkqg,spotify:track:6IZvVAP7VPPnsGX6bvgkqg,275253,4,Kendrick Lamar,PRIDE.,DAMN.,2017-04-14,2022-09-27,80
0.639,0.628,6,-7.578,0,0.0399,0.0381,0.0,0.386,0.43,90.482,5TRPicyLGbAF2LGBFbHGvO,spotify:track:5TRPicyLGbAF2LGBFbHGvO,237507,4,Kanye West,Flashing Lights,Graduation,2007-09-11,2022-09-27,82
0.358,0.416,0,-10.972,0,0.0596,0.325,0.356,0.173,0.128,139.945,1P9oRiZJWnxe2pZmYUZ5eC,spotify:track:1P9oRiZJWnxe2pZmYUZ5eC,279250,3,Skryptonite,Это любовь,Дом с нормальными явлениями,2015-01-01,2022-09-27,61
0.831,0.719,10,-5.427,0,0.0545,0.318,0.000663,0.107,0.329,115.056,5ByCrVV40WIfCMIOh9CfVN,spotify:track:5ByCrVV40WIfCMIOh9CfVN,246818,4,Eldzhey,Розовое вино,Розовое вино,2017-07-23,2022-09-27,44
0.573,0.441,1,-9.505,0,0.404,0.292,0.0,0.217,0.145,77.843,2Z0OcpA4i1KayJbXn800le,spotify:track:2Z0OcpA4i1KayJbXn800le,193747,4,Skryptonite,Чистый - OST «Псих»,Чистый (OST «Псих»),2020-12-10,2022-09-27,53
0.712,0.757,1,-4.984,0,0.114,0.00965,0.1,0.419,0.657,163.028,5NlUfFPL2z3RWAXy8NcRs8,spotify:track:5NlUfFPL2z3RWAXy8NcRs8,140458,4,Big Baby Tape,Gimme The Loot,Dragonborn,2018-11-16,2022-09-27,53
0.742,0.729,11,-5.713,0,0.0798,0.0238,0.0,0.283,0.28,109.973,0RTZvOFceTQudnPUyOWzUx,spotify:track:0RTZvOFceTQudnPUyOWzUx,229035,4,SALUKI,Голова болит (feat. Вышел покурить),"УЛИЦЫ, ДОМА",2018-08-12,2022-09-27,43
0.676,0.542,10,-9.969,0,0.375,0.453,0.0,0.0776,0.366,98.022,6nvXTYOmS7ES6BWuRASHHL,spotify:track:6nvXTYOmS7ES6BWuRASHHL,276750,4,Skryptonite,Танцуй сама,Дом с нормальными явлениями,2015-01-01,2022-09-27,53
0.525,0.555,3,-9.249,0,0.221,0.154,0.0,0.116,0.163,146.274,3Hk1TBFRnKOCP144ne8Isp,spotify:track:3Hk1TBFRnKOCP144ne8Isp,279196,4,T-Fest,Одно я знал_выдох,0372,2017-01-01,2022-09-27,46
0.837,0.88,7,-4.586,1,0.134,0.0331,0.0167,0.15,0.802,163.094,0Lh0VkvZ3LJPR5fUs0pigo,spotify:track:0Lh0VkvZ3LJPR5fUs0pigo,132507,4,Eldzhey,911,911,2020-08-03,2022-09-27,31
0.803,0.613,9,-10.107,0,0.264,0.269,0.000669,0.0247,0.583,108.047,2mFV4oDCKyV3KF6uEHlMQ4,spotify:track:2mFV4oDCKyV3KF6uEHlMQ4,244444,4,Skryptonite,Поворот,Праздник на улице 36,2017-05-24,2022-09-27,45
0.782,0.532,2,-7.187,1,0.2,0.0262,0.0,0.138,0.185,95.999,7FuvJwX4VDPE0bAIq9tfbP,spotify:track:7FuvJwX4VDPE0bAIq9tfbP,198125,4,T-Fest,Ламбада,Ламбада,2017-03-08,2022-09-27,56
0.731,0.734,1,-7.693,1,0.035,0.00505,1.25e-05,0.404,0.751,124.957,0i8YObgqnjZYoYJOQbwLHq,spotify:track:0i8YObgqnjZYoYJOQbwLHq,174843,4,Poshlaya Molly,Дом Периньон,Дом Периньон,2021-09-17,2022-09-27,53
0.79,0.873,8,-6.299,1,0.0372,0.366,0.126,0.109,0.963,113.959,2LjZcBOceIpCBbhTf1Y5J0,spotify:track:2LjZcBOceIpCBbhTf1Y5J0,130586,4,Mnogoznaal,DOF,DOF,2019-03-08,2022-09-27,44
0.671,0.566,11,-8.113,1,0.0769,0.0757,0.0694,0.122,0.553,99.966,0JtIb2TmbYh2hQuSgb6pLS,spotify:track:0JtIb2TmbYh2hQuSgb6pLS,163200,4,SALUKI,Властелин Калек (feat. Boulevard Depo),Властелин Калек,2019-06-07,2022-09-27,38
0.741,0.459,2,-9.046,1,0.157,0.0484,0.00289,0.293,0.125,76.996,41bGn6u78I8eNZg86tx3vp,spotify:track:41bGn6u78I8eNZg86tx3vp,205677,4,Skryptonite,Москва любит...,2004,2020-01-28,2022-09-27,55
0.864,0.8,5,-7.292,0,0.0708,0.00498,0.000926,0.0892,0.837,129.999,4jkOvuIZP2Pikt5BLVtGcq,spotify:track:4jkOvuIZP2Pikt5BLVtGcq,96058,4,Boulevard Depo,White Trash (feat. ЛАУД),RAPP2,2018-04-20,2022-09-27,47
0.719,0.661,1,-8.797,1,0.31,0.0338,0.0,0.262,0.564,159.96,2z8QxqQ6Kesq4NFfi7A638,spotify:track:2z8QxqQ6Kesq4NFfi7A638,207161,4,Skryptonite,Цепи,Праздник на улице 36,2017-05-24,2022-09-27,54
0.507,0.729,11,-5.399,0,0.0393,0.0182,1.4e-06,0.0658,0.272,105.013,6GyFP1nfCDB8lbD2bG0Hq9,spotify:track:6GyFP1nfCDB8lbD2bG0Hq9,243960,4,M83,Midnight City,"Hurry up, We're Dreaming",2011-10-17,2022-09-27,74
0.305,0.872,2,-7.313,1,0.0503,0.00786,0.8,0.261,0.648,167.959,7c378mlmubSu7NGkLFa4sN,spotify:track:7c378mlmubSu7NGkLFa4sN,287880,4,Radiohead,Airbag,OK Computer,1997-05-28,2022-09-27,58
0.471,0.75,9,-4.864,0,0.196,3.13e-05,0.103,0.271,0.652,162.944,4N90LxX3kWhJucPQ484Qy9,spotify:track:4N90LxX3kWhJucPQ484Qy9,175907,4,Two Door Cinema Club,I Can Talk,Tourist History,2010-03-01,2022-09-27,55
0.288,0.758,6,-5.692,0,0.0371,0.00616,0.0,0.303,0.619,97.094,2AT8iROs4FQueDv2c8q2KE,spotify:track:2AT8iROs4FQueDv2c8q2KE,201726,4,Arctic Monkeys,R U Mine?,AM,2013-09-09,2022-09-27,81
0.398,0.717,0,-5.253,1,0.0398,0.07,0.0,0.085,0.487,117.296,2P5yIMu2DNeMXTyOANKS6k,spotify:track:2P5yIMu2DNeMXTyOANKS6k,193429,4,Mitski,Nobody,Be the Cowboy,2018-08-17,2022-09-27,75
0.566,0.815,9,-4.481,0,0.14,0.0737,0.0,0.12,0.672,169.961,5cY8y2XgOfkAh4kSWLFKkz,spotify:track:5cY8y2XgOfkAh4kSWLFKkz,185587,4,Panic! At The Disco,I Write Sins Not Tragedies,A Fever You Can't Sweat Out,2005-09-27,2022-09-27,69
0.535,0.948,6,-4.19,0,0.0356,0.00225,0.0,0.376,0.778,103.183,3DQVgcqaP3iSMbaKsd57l5,spotify:track:3DQVgcqaP3iSMbaKsd57l5,173680,4,Arctic Monkeys,I Bet You Look Good On The Dancefloor,"Whatever People Say I Am, That's What I'm Not",2006-01-29,2022-09-27,71
0.634,0.543,1,-13.391,0,0.181,0.525,0.0,0.232,0.467,121.557,7MDfN1ldfTMtuXXdVz2Pzc,spotify:track:7MDfN1ldfTMtuXXdVz2Pzc,186440,4,Amy Winehouse,Tears Dry On Their Own,Back To Black (Deluxe Edition),2006-01-01,2022-09-27,69
0.464,0.417,0,-9.345,0,0.0256,0.136,0.022,0.0974,0.479,67.528,5XeFesFbtLpXzIVDNQP22n,spotify:track:5XeFesFbtLpXzIVDNQP22n,183956,4,Arctic Monkeys,I Wanna Be Yours,AM,2013-09-09,2022-09-27,91
0.531,0.61,11,-8.025,0,0.0387,0.772,0.756,0.0908,0.199,152.958,4wajJ1o7jWIg62YqpkHC7S,spotify:track:4wajJ1o7jWIg62YqpkHC7S,318187,4,Radiohead,Weird Fishes/ Arpeggi,In Rainbows,2007-12-28,2022-09-27,70
0.654,0.828,1,-5.377,0,0.0281,0.00146,0.000144,0.122,0.79,112.056,2x8evxqUlF0eRabbW2JBJd,spotify:track:2x8evxqUlF0eRabbW2JBJd,183893,4,Arctic Monkeys,Fluorescent Adolescent,Favourite Worst Nightmare,2007-04-22,2022-09-27,76
0.377,0.558,4,-9.076,1,0.0299,0.0789,0.000342,0.125,0.267,149.971,3L3G4XFQqtFe9a3azMacZ5,spotify:track:3L3G4XFQqtFe9a3azMacZ5,214800,3,Suki Waterhouse,Good Looking,Good Looking,2017-10-20,2022-09-27,46
0.462,0.832,11,-6.085,0,0.0479,0.108,0.00416,0.0741,0.807,165.653,0YJ9FWWHn9EfnN0lHwbzvV,spotify:track:0YJ9FWWHn9EfnN0lHwbzvV,248893,4,Radiohead,Jigsaw Falling Into Place,In Rainbows,2007-12-28,2022-09-27,69
0.665,0.542,11,-8.323,0,0.033,0.123,0.00291,0.342,0.587,97.975,2LGdO5MtFdyphi2EihANZG,spotify:track:2LGdO5MtFdyphi2EihANZG,257563,4,Arctic Monkeys,Knee Socks,AM,2013-09-09,2022-09-27,74
0.497,0.638,1,-5.31,1,0.0274,0.0467,0.0,0.385,0.77,172.01,3pANfZVFdtuVnJsE6xa5Ox,spotify:track:3pANfZVFdtuVnJsE6xa5Ox,137142,4,Mitski,Me and My Husband,Be the Cowboy,2018-08-17,2022-09-27,74
0.348,0.875,11,-4.758,0,0.199,0.0341,0.0,0.117,0.407,169.152,2zzLRQ78kKfPTx8FJQCdC2,spotify:track:2zzLRQ78kKfPTx8FJQCdC2,202133,4,Arctic Monkeys,When The Sun Goes Down,"Whatever People Say I Am, That's What I'm Not",2006-01-29,2022-09-27,72
0.291,0.767,7,-6.913,0,0.0862,0.000401,0.012,0.0763,0.359,175.702,1dyTcli07c77mtQK3ahUZR,spotify:track:1dyTcli07c77mtQK3ahUZR,234800,4,Radiohead,Just,The Bends,1995-03-13,2022-09-27,69
0.846,0.681,1,-6.172,1,0.144,0.384,1.02e-05,0.185,0.696,117.978,3iGNoYKIabGohB9A0C7dKU,spotify:track:3iGNoYKIabGohB9A0C7dKU,186200,4,Duckwrth,MICHUUL.,an XTRA UUGLY Mixtape,2017-11-03,2022-09-27,55
0.648,0.89,0,-3.982,0,0.0523,0.0294,3.58e-06,0.116,0.321,125.953,3nMb7ToWIxYvmaIG20z6ux,spotify:track:3nMb7ToWIxYvmaIG20z6ux,232213,4,Enrique Iglesias,Tonight (I'm Fuckin' You),Euphoria,2010-01-01,2022-09-27,62
0.95,0.693,9,-3.424,1,0.0898,0.0133,0.0,0.173,0.891,130.02,5zNW5ARjYhJQJz1AChP33n,spotify:track:5zNW5ARjYhJQJz1AChP33n,184635,4,Megan Thee Stallion,Thot Shit,Thot Shit,2021-06-11,2022-09-27,68
0.789,0.71,10,-6.323,0,0.131,0.0555,0.843,0.0601,0.6,111.038,4O9t8Qq941SAzdGlex4noA,spotify:track:4O9t8Qq941SAzdGlex4noA,183787,4,KAYTRANADA,What You Need,BUBBA,2019-12-13,2022-09-27,61
0.774,0.779,9,-5.037,0,0.0593,0.652,2.35e-05,0.206,0.963,111.998,2t5ebbh0zWyTIe02d6kv8Y,spotify:track:2t5ebbh0zWyTIe02d6kv8Y,159812,4,Duckwrth,World On Wheels,SuperGood,2020-08-21,2022-09-27,45
0.778,0.824,10,-5.892,0,0.0707,0.284,0.0,0.405,0.758,100.024,3ZFTkvIE7kyPt6Nu3PEa7V,spotify:track:3ZFTkvIE7kyPt6Nu3PEa7V,218093,4,Shakira,Hips Don't Lie (feat. Wyclef Jean),"Oral Fixation, Vol. 2 (Expanded Edition)",2005-11-28,2022-09-27,83
0.636,0.537,2,-6.235,1,0.193,0.239,0.0121,0.141,0.544,166.022,5yozbGmaHKYcNW1qE26qMl,spotify:track:5yozbGmaHKYcNW1qE26qMl,186506,4,Duckwrth,Mask Off (Feelings),SG8*,2021-09-03,2022-09-27,39
0.738,0.75,11,-3.654,0,0.219,0.0167,0.00976,0.174,0.342,112.009,0dFdGPVLs3k0z9ezYWZzUa,spotify:track:0dFdGPVLs3k0z9ezYWZzUa,207840,4,KAYTRANADA,Intimidated (feat. H.E.R.),Intimidated,2021-11-19,2022-09-27,68
0.846,0.772,11,-5.735,0,0.259,0.0123,0.000106,0.0769,0.622,125.998,16EMONl2vH3rt9f4ehTG8g,spotify:track:16EMONl2vH3rt9f4ehTG8g,204957,4,Azealia Banks,212,Broke with Expensive Taste,2014-11-07,2022-09-27,68
0.595,0.957,0,-5.978,1,0.455,0.215,0.0,0.493,0.453,130.167,5qc9oEjMRZvdECu3g5vU8P,spotify:track:5qc9oEjMRZvdECu3g5vU8P,303231,4,Azealia Banks,Count Contessa,Count Contessa,2019-12-14,2022-09-27,54
0.694,0.81,11,-3.556,0,0.0661,0.122,0.0,0.141,0.824,137.968,2Sh4sAOfnSHEVKFyysxzat,spotify:track:2Sh4sAOfnSHEVKFyysxzat,206867,4,Shakira,Can't Remember to Forget You (feat. Rihanna),Shakira. (Expanded Edition),2014-03-14,2022-09-27,69
0.812,0.832,2,-4.559,1,0.281,0.0992,0.0,0.045,0.359,99.168,2sSHkfYdxqcBAPK6aRbKSq,spotify:track:2sSHkfYdxqcBAPK6aRbKSq,148258,4,Yanix,Badass,Badass,2022-09-23,2022-09-26,51
0.912,0.616,1,-6.093,0,0.167,0.098,0.0,0.0686,0.538,95.951,1ZmzZEJsDa7ddWU8hbCGGJ,spotify:track:1ZmzZEJsDa7ddWU8hbCGGJ,152806,4,Yanix,Mamacita,g.o.a.t. uslugi,2022-08-26,2022-09-26,34
0.63,0.782,8,-5.44,0,0.132,0.0828,0.0,0.034,0.418,140.144,6kfQDanT6Buh4Wu73ghbav,spotify:track:6kfQDanT6Buh4Wu73ghbav,247947,4,50 Cent,Ayo Technology,Curtis,2007-01-01,2022-09-26,66
0.732,0.722,1,-6.119,1,0.0626,0.0202,0.0158,0.435,0.415,103.979,0qyeRF33qX9pNm16m4Yykb,spotify:track:0qyeRF33qX9pNm16m4Yykb,111346,4,Aarne,Фиеста,AA LANGUAGE,2022-08-12,2022-09-26,51
0.705,0.666,2,-7.23,0,0.0303,0.00233,0.0149,0.174,0.646,124.032,7bfocP7GYoLOutUYpTI8tx,spotify:track:7bfocP7GYoLOutUYpTI8tx,230827,4,The Strokes,Welcome To Japan,Comedown Machine,2013-03-25,2022-09-22,61
0.749,0.463,11,-8.433,1,0.0842,0.21,0.0382,0.338,0.189,90.035,60ynsPSSKe6O3sfwRnIBRf,spotify:track:60ynsPSSKe6O3sfwRnIBRf,226987,4,Doja Cat,Streets,Hot Pink,2019-11-07,2022-09-21,80
0.255,0.393,5,-10.654,1,0.0278,0.0577,0.00361,0.113,0.118,76.426,10nyNJ6zNy2YVYLrcwLccB,spotify:track:10nyNJ6zNy2YVYLrcwLccB,229120,4,Radiohead,No Surprises,OK Computer,1997-05-28,2022-09-12,79
0.446,0.871,2,-4.902,1,0.116,0.000252,8.13e-06,0.0996,0.612,159.863,6GQLX6Z28fYwDNCrhaKzYF,spotify:track:6GQLX6Z28fYwDNCrhaKzYF,166573,4,Two Door Cinema Club,Undercover Martyn,Tourist History,2010-03-01,2022-09-12,65
0.288,0.794,10,-3.439,0,0.133,0.00522,3.17e-05,0.0889,0.607,104.471,1odEpn9xw2Hom1tRxS1IHR,spotify:track:1odEpn9xw2Hom1tRxS1IHR,252227,3,Royal Blood,Better Strangers,Royal Blood,2014-08-22,2022-09-12,44
0.67,0.478,4,-8.689,0,0.0355,0.531,0.428,0.138,0.0997,88.014,5Qv2Nby1xTr9pQyjkrc94J,spotify:track:5Qv2Nby1xTr9pQyjkrc94J,228747,4,Radiohead,All I Need,In Rainbows,2007-12-28,2022-09-12,66
0.277,0.663,4,-8.821,0,0.0377,0.000409,0.00051,0.136,0.527,104.561,20I8RduZC2PWMWTDCZuuAN,spotify:track:20I8RduZC2PWMWTDCZuuAN,237027,4,Franz Ferdinand,Take Me Out,Franz Ferdinand,2004-02-16,2022-09-09,77
0.556,0.913,0,-2.36,1,0.0437,0.0193,8.59e-06,0.346,0.73,96.184,10Nmj3JCNoMeBQ87uw5j8k,spotify:track:10Nmj3JCNoMeBQ87uw5j8k,282160,4,Red Hot Chili Peppers,Dani California,Stadium Arcadium,2006-05-09,2022-09-09,75
0.516,0.342,4,-9.785,1,0.0342,0.832,0.579,0.0857,0.167,128.378,35YyxFpE0ZTOoqFx5bADW8,spotify:track:35YyxFpE0ZTOoqFx5bADW8,255387,3,Radiohead,Nude,In Rainbows,2007-12-28,2022-09-09,67
0.828,0.437,11,-8.748,0,0.071,0.507,0.00398,0.114,0.462,107.054,2TdagrJyHvnU28Sbo8jSVw,spotify:track:2TdagrJyHvnU28Sbo8jSVw,162820,4,Jim-E Stack,One Shot (feat. Bearface),EPHEMERA,2020-10-30,2022-09-07,4
0.756,0.829,11,-3.973,1,0.0682,0.003,3.46e-05,0.0578,0.504,120.163,1wva1IlWLDNLgwipUWcmjy,spotify:track:1wva1IlWLDNLgwipUWcmjy,245520,4,Snoop Dogg,Sensual Seduction,Sensual Seduction,2007-01-01,2022-09-07,59
0.861,0.647,7,-7.425,1,0.0675,0.594,0.661,0.114,0.67,158.037,4S4Mfvv03M1cHgIOJcbUCL,spotify:track:4S4Mfvv03M1cHgIOJcbUCL,133680,4,Frank Ocean,In My Room,In My Room,2019-11-02,2022-09-07,75
0.44,0.317,8,-9.258,1,0.0531,0.891,4.78e-06,0.141,0.268,169.914,6xGruZOHLs39ZbVccQTuPZ,spotify:track:6xGruZOHLs39ZbVccQTuPZ,233456,3,Joji,Glimpse of Us,Glimpse of Us,2022-06-10,2022-09-07,86
0.577,0.387,7,-8.607,1,0.274,0.964,0.705,0.208,0.459,146.565,0baNzeUcPQnQSagpe8T0mD,spotify:track:0baNzeUcPQnQSagpe8T0mD,126312,1,Joji,worldstar money (interlude),In Tongues (Deluxe),2018-02-14,2022-09-07,77
0.596,0.575,11,-8.325,0,0.0514,0.0861,0.000153,0.334,0.34,98.265,3jHdKaLCkuNEkWcLVmQPCX,spotify:track:3jHdKaLCkuNEkWcLVmQPCX,127921,3,"Tyler, The Creator",BEST INTEREST,BEST INTEREST,2020-01-25,2022-09-06,78
0.711,0.476,8,-5.255,1,0.278,0.547,1.56e-05,0.56,0.654,129.762,3gRaqRtOTL5zWfzzbJ2qBE,spotify:track:3gRaqRtOTL5zWfzzbJ2qBE,214154,4,Duckwrth,Make U Go,SG8*,2021-09-03,2022-09-06,31
0.643,0.329,1,-12.598,1,0.0898,0.425,0.665,0.0958,0.202,156.959,6dqiwfvxb1AM5y1vyVwaa0,spotify:track:6dqiwfvxb1AM5y1vyVwaa0,152375,4,Joji,Window,In Tongues (Deluxe),2018-02-14,2022-09-06,62
0.435,0.76,8,-4.935,0,0.0721,0.0175,0.0,0.158,0.206,80.082,1UGD3lW3tDmgZfAVDh6w7r,spotify:track:1UGD3lW3tDmgZfAVDh6w7r,351947,4,Kanye West,Devil In A New Dress,My Beautiful Dark Twisted Fantasy,2010-11-22,2022-09-06,76
0.672,0.452,0,-7.947,1,0.0738,0.194,0.0,0.251,0.514,82.012,4O9tOyMOq8Oioun2MsULH5,spotify:track:4O9tOyMOq8Oioun2MsULH5,213659,4,BROCKHAMPTON,RENTAL,SATURATION III,2017-12-15,2022-09-06,54
0.618,0.217,10,-15.372,1,0.0515,0.836,0.000163,0.538,0.0872,116.014,7wvwXi9Z66dcH5t202vVkN,spotify:track:7wvwXi9Z66dcH5t202vVkN,202103,4,Joji,Will He,In Tongues (Deluxe),2018-02-14,2022-09-06,70
0.762,0.604,7,-5.296,0,0.11,0.114,0.0,0.0271,0.847,168.007,7yNf9YjeO5JXUE3JEBgnYc,spotify:track:7yNf9YjeO5JXUE3JEBgnYc,97960,4,Dominic Fike,Babydoll,"Don't Forget About Me, Demos",2018-10-16,2022-09-06,73
0.552,0.638,1,-7.474,1,0.11,0.387,0.00014,0.374,0.332,167.834,5F1ZmucV0uJY14y2dYKePa,spotify:track:5F1ZmucV0uJY14y2dYKePa,180019,4,Joji,Sanctuary,Nectar,2020-09-24,2022-09-06,74
0.573,0.545,7,-4.247,0,0.0288,0.0969,0.0,0.329,0.297,83.378,7vgTNTaEz3CsBZ1N4YQalM,spotify:track:7vgTNTaEz3CsBZ1N4YQalM,271387,4,Kanye West,Ghost Town,ye,2018-06-01,2022-09-06,74
0.772,0.61,9,-6.175,0,0.206,0.239,0.000538,0.124,0.747,74.519,0bdNktKwMzf6d4V5BNK1KN,spotify:track:0bdNktKwMzf6d4V5BNK1KN,218018,4,Duckwrth,Super Bounce,SuperGood,2020-08-21,2022-09-06,56
0.656,0.776,6,-6.184,1,0.0672,0.16,0.378,0.372,0.638,156.049,0f1G5SHFoFC9lO03gHCGVS,spotify:track:0f1G5SHFoFC9lO03gHCGVS,156759,4,Joji,Pretty Boy (feat. Lil Yachty),Nectar,2020-09-25,2022-09-06,64
0.648,0.631,4,-5.662,0,0.103,0.377,0.0,0.12,0.142,105.989,6Yqmv7XJLCrQEauMbPGZSw,spotify:track:6Yqmv7XJLCrQEauMbPGZSw,349933,4,Travis Scott,Maria I'm Drunk (feat. Justin Bieber & Young Thug),Rodeo (Expanded Edition),2015-09-04,2022-09-06,66
0.702,0.659,4,-6.766,0,0.13,0.301,0.00201,0.218,0.843,79.64,1otG6j1WHNvl9WgXLWkHTo,spotify:track:1otG6j1WHNvl9WgXLWkHTo,207455,4,Kali Uchis,"After The Storm (feat. Tyler, The Creator & Bootsy Collins)",Isolation,2018-04-06,2022-09-06,77
0.686,0.494,1,-7.093,1,0.0355,0.613,5.8e-05,0.402,0.7,168.946,4k6Uh1HXdhtusDW5y8Gbvy,spotify:track:4k6Uh1HXdhtusDW5y8Gbvy,232067,4,Steve Lacy,Bad Habit,Gemini Rights,2022-07-15,2022-09-06,84
0.93,0.774,1,-4.203,1,0.0744,0.605,0.0238,0.12,0.781,116.972,4kXxEhuatrvwrTQycA7s9B,spotify:track:4kXxEhuatrvwrTQycA7s9B,109120,4,ROSALÍA,BIZCOCHITO,MOTOMAMI,2022-03-18,2022-09-05,75
0.853,0.604,3,-5.794,0,0.0511,0.0696,1.65e-06,0.135,0.86,116.0,54IbnYEdA3ymfxv07WgN3b,spotify:track:54IbnYEdA3ymfxv07WgN3b,186181,4,Kali Uchis,Your Teeth In My Neck,Isolation,2018-04-06,2022-09-01,66
0.789,0.628,4,-5.447,0,0.0466,0.025,5.12e-05,0.634,0.401,126.064,1p6l9BLXN9sayRzl2snCpv,spotify:track:1p6l9BLXN9sayRzl2snCpv,187619,4,Duckwrth,4K,SG8*,2021-09-03,2022-09-01,51
0.742,0.645,6,-10.248,1,0.386,0.148,2.86e-05,0.0861,0.804,112.402,4n358XQMHXd0xi6NazWdxr,spotify:track:4n358XQMHXd0xi6NazWdxr,162147,4,KAYTRANADA,Vex Oh (feat. Eight9FLY),BUBBA,2019-12-13,2022-09-01,61
0.855,0.331,7,-8.652,1,0.07,0.41,0.00131,0.152,0.652,98.03,4A4EI3YNaHhDiAgpQlCZkk,spotify:track:4A4EI3YNaHhDiAgpQlCZkk,194776,4,Duckwrth,Kiss U Right Now,SuperGood,2020-08-21,2022-09-01,59
0.565,0.878,11,-7.071,0,0.0955,0.00071,6.48e-06,0.314,0.206,134.989,5mEkLflNw2BilpJvJ0W7UC,spotify:track:5mEkLflNw2BilpJvJ0W7UC,309053,4,Azealia Banks,Miss Camaraderie,Broke with Expensive Taste,2014-11-07,2022-09-01,52
0.583,0.486,4,-13.165,1,0.0759,0.518,0.0,0.0665,0.513,87.837,0RfzQhbvtn5lOaKdhpAni7,spotify:track:0RfzQhbvtn5lOaKdhpAni7,153173,4,Amy Winehouse,Me & Mr Jones,Back To Black (Deluxe Edition),2006-01-01,2022-09-01,64
0.803,0.575,10,-10.239,0,0.0683,0.307,0.0464,0.123,0.643,136.032,2YUJdXBZHpfq3SlIfvXuGO,spotify:track:2YUJdXBZHpfq3SlIfvXuGO,151765,4,Duckwrth,Slow Motion,SG8*,2021-09-03,2022-09-01,31
0.689,0.91,8,-6.808,1,0.184,0.0196,1.81e-05,0.272,0.569,121.988,7IzN1BfaQ8fmTHYPRPhNws,spotify:track:7IzN1BfaQ8fmTHYPRPhNws,168097,4,Azealia Banks,Luxury,Broke with Expensive Taste,2014-11-07,2022-09-01,66
0.794,0.757,6,-6.644,0,0.123,0.0267,0.000306,0.0621,0.615,107.99,41SwdQIX8Hy2u6fuEDgvWr,spotify:track:41SwdQIX8Hy2u6fuEDgvWr,186680,4,KAYTRANADA,10%,BUBBA,2019-12-13,2022-09-01,65
0.675,0.761,4,-4.469,0,0.0466,0.432,0.0,0.102,0.428,119.001,6LOZws7T3jqZz78unPgFF9,spotify:track:6LOZws7T3jqZz78unPgFF9,199506,4,Kali Uchis,Dead To Me,Isolation,2018-04-06,2022-09-01,75
0.668,0.597,9,-7.461,0,0.259,0.0548,0.0,0.527,0.637,102.876,6J1qFWHFbmMgz0A6o10Xaq,spotify:track:6J1qFWHFbmMgz0A6o10Xaq,163107,4,Duckwrth,No Chill,SG8*,2021-09-03,2022-09-01,49
0.775,0.736,1,-8.072,0,0.247,0.319,0.00116,0.127,0.362,100.988,2g6tReTlM2Akp41g0HaeXN,spotify:track:2g6tReTlM2Akp41g0HaeXN,239027,4,Kendrick Lamar,Die Hard,Mr. Morale & The Big Steppers,2022-05-13,2022-08-25,78
0.773,0.498,7,-10.243,0,0.0533,0.383,0.000265,0.14,0.657,144.051,2JcOQqXx9TBTP2Pzd9AH4G,spotify:track:2JcOQqXx9TBTP2Pzd9AH4G,181152,4,Ivan Dorn,Целовать другого,Целовать другого,2013-09-25,2022-08-24,41
0.892,0.641,6,-4.649,1,0.263,0.106,3.54e-06,0.15,0.826,103.043,1nl3QYYo7Q106eesI7K9wW,spotify:track:1nl3QYYo7Q106eesI7K9wW,125825,4,CAPTOWN,С любовью,С любовью,2022-02-01,2022-08-24,43
0.754,0.37,6,-9.854,0,0.12,0.403,6.22e-05,0.107,0.228,114.941,4cQrSREMqBSvJ8ZzBZjVb8,spotify:track:4cQrSREMqBSvJ8ZzBZjVb8,193600,4,James Blake,Mile High (feat. Travis Scott & Metro Boomin),Assume Form,2019-01-18,2022-08-22,63
0.833,0.335,2,-10.737,1,0.334,0.255,8.95e-05,0.0622,0.329,114.023,5rUVxBANEvn1VWhniyQLxo,spotify:track:5rUVxBANEvn1VWhniyQLxo,237368,4,JILLZAY,"Бар ""2 лесбухи""",Open Season,2017-03-08,2022-08-18,50
0.843,0.615,1,-5.696,1,0.243,0.0891,5.51e-05,0.14,0.616,153.075,6rZ17m2X1UIjsVn1zw4Ctm,spotify:track:6rZ17m2X1UIjsVn1zw4Ctm,164922,4,FACE,ПОДРУГА ПОДРУГ,SLIME,2019-02-01,2022-08-14,49
0.894,0.791,2,-4.699,1,0.112,0.0183,0.0,0.0388,0.583,105.018,5rb9QrpfcKFHM1EUbSIurX,spotify:track:5rb9QrpfcKFHM1EUbSIurX,250373,4,Usher,Yeah! (feat. Lil Jon & Ludacris),Confessions (Expanded Edition),2004-03-23,2022-08-09,80
0.718,0.628,10,-6.007,0,0.223,0.543,0.0,0.116,0.722,92.107,2DgMxFMUQRPthW4ROhjen1,spotify:track:2DgMxFMUQRPthW4ROhjen1,274274,4,BROCKHAMPTON,SWEET,SATURATION II,2017-08-25,2022-08-08,59
0.595,0.657,1,-6.498,0,0.183,0.462,0.000597,0.437,0.718,156.093,0dWOFwdXrbBUYqD9DLsoyK,spotify:track:0dWOFwdXrbBUYqD9DLsoyK,273151,4,BROCKHAMPTON,BLEACH,SATURATION III,2017-12-15,2022-08-03,64
0.684,0.607,11,-8.127,0,0.1,0.0267,0.000307,0.191,0.498,81.001,0JXXNGljqupsJaZsgSbMZV,spotify:track:0JXXNGljqupsJaZsgSbMZV,195373,4,Miguel,Sure Thing,All I Want Is You,2010-11-26,2022-08-03,91
0.818,0.504,2,-7.767,0,0.0684,0.74,0.0,0.147,0.774,108.054,5BjVJAxs1DK0vpUz7sId6h,spotify:track:5BjVJAxs1DK0vpUz7sId6h,206677,4,Gruppa Skryptonite,КПСП,КПСП,2020-06-14,2022-08-02,45
0.602,0.701,5,-5.604,0,0.09,0.263,1.02e-06,0.112,0.375,124.033,3diZz7nVRbyuvAXSW7hzI7,spotify:track:3diZz7nVRbyuvAXSW7hzI7,156774,4,Baby Keem,hooligan,The Melodic Blue,2021-09-22,2022-08-01,64
0.703,0.78,1,-4.987,1,0.139,0.0913,1.85e-06,0.124,0.567,94.028,50lTDu2BnjyqWnUFsxMryJ,spotify:track:50lTDu2BnjyqWnUFsxMryJ,156040,4,Baby Keem,16,The Melodic Blue,2021-09-22,2022-08-01,54
0.788,0.505,7,-6.507,1,0.0476,0.0217,0.0,0.176,0.119,129.939,4KruBnoVyraGgPHjp8tKtB,spotify:track:4KruBnoVyraGgPHjp8tKtB,140743,4,Baby Keem,gorgeous,The Melodic Blue,2021-09-22,2022-08-01,46
0.832,0.541,3,-8.324,0,0.0684,0.568,0.00118,0.111,0.233,131.994,2emAwdap7qy3QEMEeDjQ42,spotify:track:2emAwdap7qy3QEMEeDjQ42,219813,4,Baby Keem,issues,The Melodic Blue,2021-09-22,2022-08-01,48
0.663,0.583,11,-5.789,0,0.275,0.00472,0.0,0.125,0.146,121.678,7vy76jf6qE0IvoREJrvZtg,spotify:track:7vy76jf6qE0IvoREJrvZtg,316733,4,Baby Keem,range brothers (with Kendrick Lamar),The Melodic Blue,2021-09-22,2022-08-01,51
0.649,0.347,1,-7.67,0,0.404,0.485,3.24e-05,0.154,0.176,169.994,02rdXe0KhMe8p6ZHzYtuw0,spotify:track:02rdXe0KhMe8p6ZHzYtuw0,269728,4,Baby Keem,lost souls (with Brent Faiyaz),The Melodic Blue,2021-09-22,2022-08-01,73
0.711,0.611,1,-5.453,1,0.33,0.00588,0.0,0.23,0.144,134.093,3QFInJAm9eyaho5vBzxInN,spotify:track:3QFInJAm9eyaho5vBzxInN,252262,4,Baby Keem,family ties (with Kendrick Lamar),The Melodic Blue,2021-09-10,2022-08-01,78
0.83,0.564,1,-7.822,1,0.235,0.177,0.0,0.128,0.107,85.042,5FkoSXiJPKTNyYgALRJFhD,spotify:track:5FkoSXiJPKTNyYgALRJFhD,129882,4,Baby Keem,ORANGE SODA,DIE FOR MY BITCH,2019-07-19,2022-08-01,79
0.676,0.536,2,-8.79,1,0.0432,0.403,3.37e-05,0.105,0.373,79.037,58k32my5lKofeZRtIvBDg9,spotify:track:58k32my5lKofeZRtIvBDg9,172672,4,Baby Keem,HONEST,DIE FOR MY BITCH,2019-07-19,2022-08-01,80
0.735,0.677,2,-4.979,1,0.093,0.0762,2.17e-05,0.111,0.188,100.584,77UjLW8j5UAGAGVGhR5oUK,spotify:track:77UjLW8j5UAGAGVGhR5oUK,211440,4,The Weeknd,Pray For Me (with Kendrick Lamar),Black Panther The Album Music From And Inspired By,2018-02-09,2022-08-01,71
0.856,0.652,1,-5.324,1,0.143,0.177,0.0,0.193,0.471,97.017,2tPcTFiQF9MbVUyjZ3zDhA,spotify:track:2tPcTFiQF9MbVUyjZ3zDhA,219307,4,SOB X RBE,Paramedic!,Black Panther The Album Music From And Inspired By,2018-02-09,2022-08-01,62
0.638,0.523,1,-6.664,1,0.357,0.00454,0.0,0.0842,0.422,139.913,6HZILIRieu8S0iqY8kIKhj,spotify:track:6HZILIRieu8S0iqY8kIKhj,185947,4,Kendrick Lamar,DNA.,DAMN.,2017-04-14,2022-08-01,77
0.779,0.572,6,-9.985,0,0.378,0.157,0.0,0.246,0.647,135.956,3MLOAIJNWWS8FQpvdaiKR7,spotify:track:3MLOAIJNWWS8FQpvdaiKR7,300160,4,Kendrick Lamar,Poetic Justice,"good kid, m.A.A.d city (Deluxe)",2012-10-22,2022-08-01,60
0.716,0.531,7,-7.355,1,0.122,0.0703,0.0,0.224,0.344,71.994,0UtnpKaReKUg2GquaSxCyD,spotify:track:0UtnpKaReKUg2GquaSxCyD,386907,4,Kendrick Lamar,Money Trees,"good kid, m.A.A.d city (Deluxe)",2012-10-22,2022-08-01,71
0.546,0.651,1,-7.601,1,0.3,0.000739,0.0,0.235,0.646,77.878,1BR5vhAlaoUiijQ28p6jlN,spotify:track:1BR5vhAlaoUiijQ28p6jlN,212653,4,Kendrick Lamar,Backseat Freestyle,"good kid, m.A.A.d city (Deluxe)",2012-10-22,2022-08-01,58
0.587,0.698,1,-8.948,1,0.0943,0.0152,0.0,0.442,0.0985,133.954,5h5tBFnbcVioFXiOixTn6E,spotify:track:5h5tBFnbcVioFXiOixTn6E,310720,4,Kendrick Lamar,"Bitch, Don’t Kill My Vibe","good kid, m.A.A.d city (Deluxe)",2012-10-22,2022-08-01,65
0.541,0.809,8,-4.286,1,0.324,0.708,0.0,0.72,0.753,120.094,3ODXRUPL44f04cCacwiCLC,spotify:track:3ODXRUPL44f04cCacwiCLC,336013,4,Kendrick Lamar,i,To Pimp A Butterfly,2015-03-16,2022-08-01,60
0.553,0.852,10,-4.08,0,0.305,0.00713,0.0,0.463,0.27,176.058,5Mtt6tZSZA9cXTHGSGpyh0,spotify:track:5Mtt6tZSZA9cXTHGSGpyh0,328827,4,Kendrick Lamar,The Blacker The Berry,To Pimp A Butterfly,2015-03-16,2022-08-01,60
0.752,0.489,1,-5.233,1,0.137,0.11,3.57e-06,0.202,0.373,108.005,7uWVT3UkCAZyANvv0bdyQn,spotify:track:7uWVT3UkCAZyANvv0bdyQn,300973,4,Kendrick Lamar,These Walls,To Pimp A Butterfly,2015-03-16,2022-08-01,64
0.884,0.657,6,-4.569,0,0.0977,0.00589,0.0,0.154,0.489,107.059,0N3W5peJUQtI4eyR6GJT5O,spotify:track:0N3W5peJUQtI4eyR6GJT5O,234693,4,Kendrick Lamar,King Kunta,To Pimp A Butterfly,2015-03-16,2022-08-01,72
0.79,0.67,1,-5.527,1,0.105,0.377,2.32e-06,0.119,0.408,139.956,0fX4oNGBWO3dSGUZcVdVV2,spotify:track:0fX4oNGBWO3dSGUZcVdVV2,195950,4,Kendrick Lamar,N95,Mr. Morale & The Big Steppers,2022-05-13,2022-08-01,79
0.8,0.585,10,-7.343,1,0.0924,0.264,0.0,0.153,0.779,126.058,6PGoSes0D9eUDeeAafB2As,spotify:track:6PGoSes0D9eUDeeAafB2As,213400,4,Kendrick Lamar,LOVE. FEAT. ZACARI.,DAMN.,2017-04-14,2022-08-01,81
0.908,0.621,1,-6.638,0,0.102,0.000282,5.39e-05,0.0958,0.421,150.011,7KXjTSCq5nL1LoYtL7XAwS,spotify:track:7KXjTSCq5nL1LoYtL7XAwS,177000,4,Kendrick Lamar,HUMBLE.,DAMN.,2017-04-14,2022-08-01,82
0.854,0.569,5,-8.151,0,0.106,0.0609,0.0816,0.1,0.294,80.015,7ycWLEP1GsNjVvcjawXz3z,spotify:track:7ycWLEP1GsNjVvcjawXz3z,205040,4,A$AP Rocky,Praise The Lord (Da Shine) (feat. Skepta),TESTING,2018-05-25,2022-08-01,79
0.798,0.412,2,-9.305,1,0.36,0.443,7.43e-05,0.219,0.304,135.959,1AqemxWsT0iGg5Lvkm16Bt,spotify:track:1AqemxWsT0iGg5Lvkm16Bt,192973,4,A$AP Rocky,Fukk Sleep (feat. FKA twigs),TESTING,2018-05-25,2022-08-01,66
0.534,0.75,4,-6.36,0,0.0331,0.35,0.834,0.0944,0.781,163.951,1C2DCm6KwDa1bVBJM4Mh5Z,spotify:track:1C2DCm6KwDa1bVBJM4Mh5Z,210732,4,Дурной Вкус,Звук и темнота,Звук и темнота,2019-06-02,2022-08-01,41
0.496,0.914,2,-6.368,0,0.0351,0.0963,0.765,0.085,0.723,172.965,1OgLQdSMi9a7fZOqV96veS,spotify:track:1OgLQdSMi9a7fZOqV96veS,184509,4,Дурной Вкус,Пластинки,Пластинки,2018-10-05,2022-08-01,56
0.54,0.816,2,-5.956,1,0.0543,0.00828,0.00333,0.292,0.528,134.265,17Mzg40eYZh2qNDKH5pZWm,spotify:track:17Mzg40eYZh2qNDKH5pZWm,227493,4,Cage The Elephant,Punchin' Bag,Tell Me I'm Pretty,2015-12-18,2022-08-01,48
0.423,0.931,11,-5.225,0,0.0539,0.0119,0.00104,0.629,0.61,150.385,0X0Lz7LwpiIWcdGqVWaxXD,spotify:track:0X0Lz7LwpiIWcdGqVWaxXD,173173,4,Cage The Elephant,Mess Around,Tell Me I'm Pretty,2015-12-18,2022-08-01,58
0.549,0.789,5,-6.071,1,0.0313,0.0178,6.7e-05,0.059,0.715,136.125,1Q3t9fWvHUXKsMmpD2XpUu,spotify:track:1Q3t9fWvHUXKsMmpD2XpUu,214387,4,Cage The Elephant,Cold Cold Cold,Tell Me I'm Pretty,2015-12-18,2022-08-01,67
0.757,0.673,0,-6.823,1,0.0279,0.0172,0.000828,0.114,0.661,110.136,3buOItugju7mwOyL63aTbc,spotify:track:3buOItugju7mwOyL63aTbc,203133,4,Savage Garden,Break Me Shake Me,Savage Garden,1997-03-04,2022-08-01,47
0.584,0.76,0,-7.369,0,0.0359,0.0205,7.25e-06,0.1,0.325,104.101,6FRtjadDsEhZIQIlh1loEM,spotify:track:6FRtjadDsEhZIQIlh1loEM,341067,4,Savage Garden,To the Moon & Back,Savage Garden,1997-03-04,2022-08-01,63
0.526,0.776,7,-4.169,1,0.0852,0.000431,0.0157,0.334,0.524,131.194,4baAwbpkroYCwSIlaqzNXy,spotify:track:4baAwbpkroYCwSIlaqzNXy,207373,4,Kasabian,Shoot the Runner,Empire,2006-12-18,2022-08-01,53
0.659,0.792,6,-7.101,0,0.0301,0.0186,0.0407,0.102,0.467,108.011,0BPKqNWOKQam19tKWoZQwu,spotify:track:0BPKqNWOKQam19tKWoZQwu,261133,4,Foals,Birch Tree,What Went Down,2015-08-28,2022-08-01,56
0.513,0.953,2,-2.626,0,0.0539,0.0146,3.03e-05,0.112,0.466,104.021,0AS03vnvXv9m0ZFxtuvOBW,spotify:track:0AS03vnvXv9m0ZFxtuvOBW,261937,4,Foals,The Runner,Everything Not Saved Will Be Lost Part II,2019-10-18,2022-08-01,54
0.364,0.565,9,-10.085,0,0.0705,0.0306,0.0369,0.108,0.346,128.222,2fWSJxOHKSqXOkhxyo3Gly,spotify:track:2fWSJxOHKSqXOkhxyo3Gly,409560,4,Foals,Spanish Sahara,Total Life Forever,2010-05-07,2022-08-01,29
0.495,0.931,2,-5.336,0,0.0469,0.0025,0.0819,0.246,0.617,104.05,3f7OyfSoDbQC0LRDQiytPp,spotify:track:3f7OyfSoDbQC0LRDQiytPp,244293,4,Foals,Mountain at My Gates,What Went Down,2015-08-28,2022-08-01,63
0.19,0.703,7,-7.219,1,0.0345,0.0583,0.0261,0.129,0.352,107.807,0KYOthr76o5GlmYLEfp9OX,spotify:track:0KYOthr76o5GlmYLEfp9OX,413172,4,Slowdive,Slomo,Slowdive,2017-05-05,2022-08-01,48
0.561,0.504,6,-7.596,1,0.0248,0.0227,0.849,0.0837,0.519,106.965,3q4YT4K5Xj6v9bWFb7OudB,spotify:track:3q4YT4K5Xj6v9bWFb7OudB,348108,4,Slowdive,No Longer Making Time,Slowdive,2017-05-05,2022-08-01,46
0.534,0.536,7,-7.682,1,0.0244,0.209,0.835,0.113,0.427,98.018,0eVz3hV2xOXdneGpnWDFpb,spotify:track:0eVz3hV2xOXdneGpnWDFpb,270918,4,Slowdive,Sugar for the Pill,Slowdive,2017-05-05,2022-08-01,57
0.506,0.212,8,-21.046,0,0.0325,0.625,0.918,0.117,0.265,146.355,3MmRfG64qt04Efx9gK9Ec8,spotify:track:3MmRfG64qt04Efx9gK9Ec8,218253,4,Slowdive,Dagger,Souvlaki,1993-01-01,2022-08-01,55
0.33,0.532,2,-11.764,1,0.0263,0.00101,0.709,0.101,0.218,93.512,0oxYB9GoOIDrdzniNdKC44,spotify:track:0oxYB9GoOIDrdzniNdKC44,285907,4,Slowdive,When the Sun Hits,Souvlaki,1993-01-01,2022-08-01,65
0.392,0.233,11,-11.012,0,0.0587,0.951,0.000322,0.106,0.494,176.569,1fOkmYW3ZFkkjIdOZSf596,spotify:track:1fOkmYW3ZFkkjIdOZSf596,268813,3,Frank Ocean,Pink Matter,channel ORANGE,2012-07-10,2022-08-01,70
0.4,0.65,5,-6.104,0,0.0466,0.0118,7.62e-05,0.791,0.15,107.989,4QhWbupniDd44EDtnh2bFJ,spotify:track:4QhWbupniDd44EDtnh2bFJ,592920,4,Frank Ocean,Pyramids,channel ORANGE,2012-07-10,2022-08-01,71
0.913,0.603,8,-4.892,1,0.226,0.0272,0.000503,0.167,0.497,123.061,3GZD6HmiNUhxXYf8Gch723,spotify:track:3GZD6HmiNUhxXYf8Gch723,234093,4,Frank Ocean,Lost,channel ORANGE,2012-07-10,2022-08-01,82
0.739,0.419,3,-8.241,0,0.0854,0.219,0.0,0.196,0.58,60.493,0725YWm6Z0TpZ6wrNk64Eb,spotify:track:0725YWm6Z0TpZ6wrNk64Eb,304760,4,Frank Ocean,Super Rich Kids,channel ORANGE,2012-07-10,2022-08-01,72
0.721,0.339,0,-11.195,1,0.0532,0.409,0.00153,0.0973,0.2,129.83,7DfFc7a6Rwfi3YQMRbDMau,spotify:track:7DfFc7a6Rwfi3YQMRbDMau,200747,4,Frank Ocean,Thinkin Bout You,channel ORANGE,2012-07-10,2022-08-01,76
0.478,0.79,1,-5.016,1,0.133,0.195,2.2e-05,0.326,0.538,84.545,48wDtXGVFNZHANlDYTKMAW,spotify:track:48wDtXGVFNZHANlDYTKMAW,155987,4,Royal Blood,Loose Change,Royal Blood,2014-08-22,2022-08-01,55
0.488,0.879,7,-3.329,0,0.0393,0.000488,1.19e-06,0.14,0.557,86.986,0vjYxBDAcflD0358arIVZG,spotify:track:0vjYxBDAcflD0358arIVZG,187853,4,Royal Blood,Ten Tonne Skeleton,Royal Blood,2014-08-22,2022-08-01,53
0.51,0.896,7,-5.217,1,0.0363,0.000614,1.5e-05,0.252,0.492,88.034,35lBL83KZl80dHivikZKEq,spotify:track:35lBL83KZl80dHivikZKEq,207760,4,Royal Blood,"Hook, Line & Sinker",How Did We Get So Dark?,2017-06-16,2022-08-01,51
0.65,0.886,11,-4.821,1,0.0483,0.00111,0.000129,0.334,0.88,124.013,1LbwMX3159t6QxG3u7DRWe,spotify:track:1LbwMX3159t6QxG3u7DRWe,169720,4,Royal Blood,I Only Lie When I Love You,How Did We Get So Dark?,2017-06-16,2022-08-01,54
0.568,0.871,1,-5.235,1,0.0494,0.00177,0.000406,0.36,0.693,133.064,51txLjbvSBRvtxjCjAFLkM,spotify:track:51txLjbvSBRvtxjCjAFLkM,197933,4,Royal Blood,How Did We Get So Dark?,How Did We Get So Dark?,2017-06-16,2022-08-01,51
0.481,0.885,8,-5.041,1,0.0422,0.000963,7.94e-05,0.444,0.631,160.041,01VXGDL8Ox3SWmvM8ZyvSB,spotify:track:01VXGDL8Ox3SWmvM8ZyvSB,203907,4,Royal Blood,She's Creeping,How Did We Get So Dark?,2017-06-16,2022-08-01,42
0.501,0.824,0,-7.25,1,0.0413,0.000127,0.000311,0.0922,0.57,89.972,1060gzllf4b0UETAXisR5l,spotify:track:1060gzllf4b0UETAXisR5l,236427,4,Royal Blood,Lights Out,How Did We Get So Dark?,2017-06-16,2022-08-01,57
0.52,0.981,2,-2.75,1,0.0906,0.000867,0.00177,0.197,0.633,158.937,1INksmStBpxdNlBzwGUvsg,spotify:track:1INksmStBpxdNlBzwGUvsg,240572,4,Royal Blood,Out of the Black,Royal Blood,2014-08-22,2022-08-01,58
0.658,0.814,0,-4.631,1,0.0558,0.229,0.00676,0.216,0.69,108.016,3MjrueDQKVr6xDDseZwhEd,spotify:track:3MjrueDQKVr6xDDseZwhEd,183602,4,Royal Blood,Figure It Out,Royal Blood,2014-08-22,2022-08-01,65
0.605,0.661,10,-9.476,0,0.0443,0.455,0.326,0.109,0.259,144.968,2746pcTPaE9FBHkvUivCsg,spotify:track:2746pcTPaE9FBHkvUivCsg,217120,4,James Blake,Life Round Here,Overgrown,2013-04-08,2022-08-01,49
0.558,0.632,9,-8.339,0,0.284,0.832,0.105,0.198,0.519,161.764,3onYsieuDICdVt5ULZSExF,spotify:track:3onYsieuDICdVt5ULZSExF,211200,4,James Blake,Barefoot In The Park (feat. ROSALÍA),Assume Form,2019-01-18,2022-08-01,56
0.533,0.251,7,-11.283,0,0.0372,0.873,0.104,0.134,0.186,77.503,2IqjKEBiz0CdLKdkXhxw84,spotify:track:2IqjKEBiz0CdLKdkXhxw84,223600,4,James Blake,Retrograde,Overgrown,2013-04-08,2022-08-01,61
0.645,0.705,1,-5.008,1,0.299,0.000813,0.0,0.128,0.376,137.133,51rXHuKN8Loc4sUlKPODgH,spotify:track:51rXHuKN8Loc4sUlKPODgH,229670,4,Jay Rock,"King's Dead (with Kendrick Lamar, Future & James Blake)","King's Dead (with Kendrick Lamar, Future & James Blake)",2018-01-12,2022-08-01,68
0.404,0.532,0,-8.989,1,0.0409,0.683,0.158,0.164,0.339,159.864,2CwUy8aMNWAislPr58fDvI,spotify:track:2CwUy8aMNWAislPr58fDvI,200933,4,slowthai,feel away (feat. James Blake & Mount Kimbie),TYRON,2021-02-12,2022-08-01,55
0.673,0.892,10,-7.175,0,0.242,0.19,0.0,0.228,0.293,87.5,6bTAz3pg5ywBeZHCQoleJB,spotify:track:6bTAz3pg5ywBeZHCQoleJB,184201,4,slowthai,Doorman,Nothing Great About Britain,2019-05-17,2022-08-01,60
0.344,0.208,10,-15.034,1,0.0341,0.946,0.686,0.104,0.189,137.466,2qfT1mBf9Pz6DDHn7GgcoO,spotify:track:2qfT1mBf9Pz6DDHn7GgcoO,244947,4,Ben Howard,Evergreen,I Forget Where We Were,2014-10-20,2022-08-01,40
0.625,0.494,0,-12.597,0,0.0393,0.374,0.308,0.0713,0.596,79.589,2Viw81MZJPsOjODAz4A5nW,spotify:track:2Viw81MZJPsOjODAz4A5nW,317933,4,Ben Howard,She Treats Me Well,I Forget Where We Were,2014-10-20,2022-08-01,54
0.49,0.592,0,-13.54,1,0.0405,0.614,0.713,0.136,0.28,126.621,6yPuQr6vjZ7tJ4oq1PEXle,spotify:track:6yPuQr6vjZ7tJ4oq1PEXle,213440,4,Ben Howard,In Dreams,I Forget Where We Were,2014-10-20,2022-08-01,56
0.393,0.595,7,-9.825,0,0.0405,0.79,0.297,0.115,0.165,135.797,5RySo0AAUR0reTHSCvb6HC,spotify:track:5RySo0AAUR0reTHSCvb6HC,343787,4,Ben Howard,Small Things,I Forget Where We Were,2014-10-20,2022-08-01,51
0.475,0.496,11,-10.341,0,0.0293,0.652,0.107,0.131,0.127,161.011,4Uru57SoQpHBacQVhfcpdC,spotify:track:4Uru57SoQpHBacQVhfcpdC,311627,4,Ben Howard,Rivers In Your Mouth,I Forget Where We Were,2014-10-20,2022-08-01,44
0.293,0.575,2,-11.224,0,0.0551,0.147,0.603,0.111,0.0464,90.001,0WAkoLKlEFRp4V3llA27KF,spotify:track:0WAkoLKlEFRp4V3llA27KF,476960,4,Low Roar,"Tonight, Tonight, Tonight",Low Roar,2011-01-01,2022-08-01,39
0.668,0.484,7,-9.289,1,0.0303,0.449,0.51,0.197,0.113,125.103,0h3CnJ0DLrVcxggoDBDcNR,spotify:track:0h3CnJ0DLrVcxggoDBDcNR,334053,4,Low Roar,Friends Make Garbage (Good Friends Take It Out),Low Roar,2011-01-01,2022-08-01,40
0.332,0.596,9,-5.607,0,0.0521,0.0372,0.413,0.298,0.0996,140.104,5Pf5HwjqLAbYDVBQU7H7Oz,spotify:track:5Pf5HwjqLAbYDVBQU7H7Oz,352347,4,Low Roar,I'll Keep Coming,0,2014-08-05,2022-08-01,51
0.197,0.042,7,-27.421,1,0.0417,0.791,0.00719,0.103,0.115,180.323,7bhub6kscykFs0ux2kSLSd,spotify:track:7bhub6kscykFs0ux2kSLSd,140984,4,Carter Burwell,Bella's Lullaby,Twilight - Interpretations for Piano and Violin,2009-09-14,2022-08-01,0
0.359,0.391,3,-8.034,1,0.026,0.795,0.0708,0.163,0.19,154.66,6iWwfN1euztxZi1OK38HbU,spotify:track:6iWwfN1euztxZi1OK38HbU,242226,3,Iron & Wine,"Flightless Bird, American Mouth",The Shepherd's Dog,2007-09-25,2022-08-01,0
0.668,0.921,7,-3.727,1,0.0439,0.0492,0.00517,0.0877,0.782,120.0,3lPr8ghNDBLc2uZovNyLs9,spotify:track:3lPr8ghNDBLc2uZovNyLs9,212440,4,Muse,Supermassive Black Hole,Black Holes and Revelations,2006-06-19,2022-08-01,75
0.599,0.864,11,-5.377,0,0.0558,0.00118,1.11e-05,0.265,0.497,84.993,2NScsu3PciQ5eRxBBw0sqM,spotify:track:2NScsu3PciQ5eRxBBw0sqM,252493,4,Kosheen,Empty Skies - 2021 Remaster,Resist (2021 Remaster),2001-09-17,2022-08-01,3
0.603,0.618,11,-7.213,1,0.0257,0.00496,0.0228,0.107,0.424,106.008,5rIdlx5wRZbVNg8iLnttig,spotify:track:5rIdlx5wRZbVNg8iLnttig,375653,4,Kosheen,Avalanche - 2021 Remaster,Kokopelli (2021 Remaster),2003-08-11,2022-08-01,4
0.701,0.886,10,-4.608,0,0.147,0.0135,7.51e-05,0.295,0.501,169.967,0tBKyVGdqNP2ezehoLNN3N,spotify:track:0tBKyVGdqNP2ezehoLNN3N,215200,4,Kosheen,(Slip & Slide) Suicide - 2021 Remaster,Resist (2021 Remaster),2001-09-17,2022-08-01,4
0.655,0.943,10,-4.595,0,0.0483,0.0026,1.55e-05,0.378,0.778,130.028,5H6VnTQU58QeKF4aLaHAnV,spotify:track:5H6VnTQU58QeKF4aLaHAnV,203560,4,Kosheen,Catch - 2021 Remaster,Resist (2021 Remaster),2001-09-17,2022-08-01,11
0.648,0.59,2,-9.664,1,0.0942,0.697,0.808,0.111,0.401,81.045,7eWGnKg4B44sbBPpQp4y2c,spotify:track:7eWGnKg4B44sbBPpQp4y2c,181922,4,Thundercat,Dragonball Durag,It Is What It Is,2020-04-03,2022-08-01,62
0.657,0.562,8,-8.6,1,0.0601,0.54,0.00143,0.101,0.704,81.657,7CH99b2i1TXS5P8UUyWtnM,spotify:track:7CH99b2i1TXS5P8UUyWtnM,188454,4,Thundercat,Them Changes,Drunk,2017-02-24,2022-08-01,75
0.586,0.893,7,-8.772,1,0.439,0.827,0.642,0.212,0.65,140.023,1c5CllrZr45UBhWpIqM332,spotify:track:1c5CllrZr45UBhWpIqM332,116630,3,Thundercat,Funny Thing,It Is What It Is,2020-04-03,2022-08-01,71
0.396,0.844,6,-6.644,1,0.313,0.0187,0.0697,0.32,0.331,99.778,0jhxxEBzlvuDqAqV9i9Iuc,spotify:track:0jhxxEBzlvuDqAqV9i9Iuc,188333,4,Crystal Castles,Char,Amnesty (I),2016-08-19,2022-08-01,54
0.511,0.903,7,-5.523,0,0.0307,0.12,0.515,0.431,0.333,109.958,4YmyronzkmzutYKwJ8mZ5P,spotify:track:4YmyronzkmzutYKwJ8mZ5P,251107,4,Crystal Castles,Empathy,Crystal Castles (II),2010-01-01,2022-08-01,43
0.477,0.98,7,-4.204,0,0.0887,0.000834,0.00963,0.357,0.199,135.902,46Xnj8vZFwOZCE4aZNXlTf,spotify:track:46Xnj8vZFwOZCE4aZNXlTf,226987,4,Crystal Castles,Not In Love - Radio Version,(II),2011-01-01,2022-08-01,58
0.744,0.694,4,-7.521,0,0.0399,0.201,0.0335,0.2,0.881,119.974,7dxQFzp8zZzgDkaYEXQZIv,spotify:track:7dxQFzp8zZzgDkaYEXQZIv,258453,4,Crystal Castles,Crimewave,Crystal Castles,2008-03-16,2022-08-01,59
0.707,0.87,0,-6.66,0,0.0298,0.00184,6.65e-05,0.292,0.669,119.979,3gGMsx3jxYKfhXq8LMj1tz,spotify:track:3gGMsx3jxYKfhXq8LMj1tz,242960,4,Crystal Castles,Vanished,Crystal Castles,2008-03-16,2022-08-01,60
0.418,0.486,9,-9.421,0,0.0318,0.929,0.461,0.0988,0.249,74.924,4kOy7M6eT5kYJCZxh0c6Lh,spotify:track:4kOy7M6eT5kYJCZxh0c6Lh,270960,4,Portishead,The Rip,Third,2008-01-01,2022-08-01,54
0.639,0.37,6,-10.883,1,0.0723,0.504,0.587,0.117,0.707,80.152,7h14W1uQK7sjpVI1oVTobt,spotify:track:7h14W1uQK7sjpVI1oVTobt,293200,4,Portishead,Wandering Star,Dummy,1994-01-01,2022-08-01,55
0.698,0.633,8,-6.68,0,0.0406,0.0508,0.272,0.264,0.55,94.085,6vTtCOimcPs5H1Jr9d0Aep,spotify:track:6vTtCOimcPs5H1Jr9d0Aep,252267,4,Portishead,Sour Times,Dummy,1994-01-01,2022-08-01,60
0.607,0.294,5,-11.836,1,0.0764,0.778,0.162,0.106,0.192,76.083,2sW8fmnISifQTRgnRrQTYW,spotify:track:2sW8fmnISifQTRgnRrQTYW,303973,4,Portishead,Roads,Dummy,1994-01-01,2022-08-01,61
0.51,0.434,1,-10.004,1,0.0361,0.177,0.516,0.0603,0.207,119.695,3Ty7OTBNSigGEpeW2PqcsC,spotify:track:3Ty7OTBNSigGEpeW2PqcsC,308627,4,Portishead,Glory Box,Dummy,1994-01-01,2022-08-01,69
0.683,0.585,8,-6.76,1,0.0323,0.00819,0.0162,0.0797,0.641,115.997,0It6VJoMAare1zdV2wxqZq,spotify:track:0It6VJoMAare1zdV2wxqZq,235000,4,Muse,Undisclosed Desires,The Resistance,2009-09-10,2022-08-01,64
0.467,0.774,9,-6.569,0,0.0485,0.0616,0.289,0.108,0.0916,135.006,1C2QJNTmsTxCDBuIgai8QV,spotify:track:1C2QJNTmsTxCDBuIgai8QV,346693,4,Muse,Resistance,The Resistance,2009-09-10,2022-08-01,60
0.585,0.842,9,-5.883,0,0.0556,0.00242,0.00686,0.0866,0.428,118.211,2takcwOaAZWiXQijPHIx7B,spotify:track:2takcwOaAZWiXQijPHIx7B,237040,4,Muse,Time is Running Out,Absolution,2004-03-23,2022-08-01,67
0.412,0.92,9,-4.852,0,0.0575,0.000456,0.0026,0.11,0.455,93.162,7xyYsOvq5Ec3P4fr6mM9fD,spotify:track:7xyYsOvq5Ec3P4fr6mM9fD,227440,4,Muse,Hysteria,Absolution,2004-03-23,2022-08-01,71
0.602,0.905,2,-4.046,1,0.0775,0.000202,0.064,0.117,0.411,128.019,4VqPOruhp5EdPBeR92t6lQ,spotify:track:4VqPOruhp5EdPBeR92t6lQ,304840,4,Muse,Uprising,The Resistance,2009-09-10,2022-08-01,74
0.544,0.241,4,-14.779,0,0.03,0.983,0.774,0.101,0.359,109.437,3Y4rUyw7XBCK6hGHCOt6rp,spotify:track:3Y4rUyw7XBCK6hGHCOt6rp,204773,4,The Strokes,"Call It Fate, Call It Karma",Comedown Machine,2013-03-25,2022-08-01,70
0.63,0.908,11,-2.42,1,0.0326,0.0238,0.592,0.116,0.968,120.522,4fPBB44eDH71YohayI4eKV,spotify:track:4fPBB44eDH71YohayI4eKV,189227,4,The Strokes,You Only Live Once,First Impressions Of Earth,2006-01-03,2022-08-01,69
0.489,0.649,9,-5.11,1,0.0336,0.000603,0.713,0.101,0.77,158.009,57Xjny5yNzAcsxnusKmAfA,spotify:track:57Xjny5yNzAcsxnusKmAfA,219827,4,The Strokes,Reptilia,Room On Fire,2003-10-28,2022-08-01,73
0.51,0.622,2,-5.727,1,0.0242,0.0108,4.11e-06,0.127,0.424,99.934,0DRvClQbN9znQ295sx76VC,spotify:track:0DRvClQbN9znQ295sx76VC,196027,4,Alvvays,Dreams Tonite,Antisocialites,2017-09-08,2022-08-01,34
0.267,0.828,7,-4.592,1,0.0746,0.00956,0.409,0.143,0.203,117.886,5GAB1X0AJq2EZjxXP9zMFt,spotify:track:5GAB1X0AJq2EZjxXP9zMFt,196560,4,Alvvays,"Archie, Marry Me",Alvvays,2014-07-21,2022-08-01,54
0.703,0.688,0,-9.536,1,0.0369,0.00851,0.000305,0.0738,0.443,115.017,1eC3rkuJHlitGAhtIwul8p,spotify:track:1eC3rkuJHlitGAhtIwul8p,255223,4,CREAM SODA,"Уйди, но останься",Красиво,2018-01-01,2022-08-01,29
0.626,0.684,0,-8.44,0,0.0744,0.0424,3.1e-05,0.243,0.484,131.97,5jKFnadawzHXGWiLBeboas,spotify:track:5jKFnadawzHXGWiLBeboas,160000,4,CREAM SODA,Плачу на техно,Плачу на техно,2020-04-10,2022-08-01,44
0.694,0.825,7,-9.34,1,0.106,0.137,0.00291,0.0987,0.282,123.085,5qr9PIZMCGVAHPCepRKFJb,spotify:track:5qr9PIZMCGVAHPCepRKFJb,316108,4,CREAM SODA,Volga,Volga,2017-06-23,2022-08-01,43
0.524,0.373,7,-13.32,0,0.0301,0.674,0.0678,0.0819,0.268,92.389,0l1BoSKANcBiOVkKzlKB1a,spotify:track:0l1BoSKANcBiOVkKzlKB1a,245529,4,Daughter,Run,Smother,2012-09-03,2022-08-01,46
0.677,0.427,7,-11.682,0,0.0259,0.244,0.17,0.17,0.253,103.628,7D6eIQoh51AkAPfhhp3fYW,spotify:track:7D6eIQoh51AkAPfhhp3fYW,258879,4,Daughter,Home,The Wild Youth EP,2011-11-21,2022-08-01,12
0.487,0.894,10,-8.375,0,0.124,0.0124,0.76,0.0784,0.582,81.009,2QpFxUbp9cAOI7YfFBEvQ9,spotify:track:2QpFxUbp9cAOI7YfFBEvQ9,173134,4,Daughter,No Care,Not To Disappear,2016-01-15,2022-08-01,49
0.645,0.458,7,-8.888,0,0.0537,0.522,0.0914,0.291,0.397,142.175,1Hgko2YssPJNjOhfJgJ6uo,spotify:track:1Hgko2YssPJNjOhfJgJ6uo,331105,4,Mac Miller,Colors and Shapes,Colors and Shapes,2021-09-15,2022-08-01,48
0.843,0.435,8,-8.442,1,0.178,0.47,0.0,0.147,0.19,120.058,6GnhWMhgJb7uyiiPEiEkDA,spotify:track:6GnhWMhgJb7uyiiPEiEkDA,208080,4,Mac Miller,Weekend (feat. Miguel),GO:OD AM,2015-09-18,2022-08-01,75
0.52,0.538,1,-8.109,1,0.206,0.367,0.00187,0.119,0.177,141.894,5bJ1DrEM4hNCafcDd1oxHx,spotify:track:5bJ1DrEM4hNCafcDd1oxHx,345133,4,Mac Miller,Self Care,Swimming,2018-08-03,2022-08-01,77
0.754,0.342,10,-8.677,0,0.0991,0.073,0.0,0.193,0.423,128.981,5qHirGR7M9tdm6C17DlzSY,spotify:track:5qHirGR7M9tdm6C17DlzSY,121347,4,Aminé,REEL IT IN,ONEPOINTFIVE,2018-08-15,2022-08-01,73
0.519,0.873,6,-3.555,0,0.0393,0.0301,0.0,0.276,0.241,108.246,2Y5AkPcCKN01ck6xDtOnoJ,spotify:track:2Y5AkPcCKN01ck6xDtOnoJ,244133,4,Sky Ferreira,24 Hours,"Night Time, My Time",2013-01-01,2022-08-01,42
0.667,0.783,0,-5.885,1,0.0361,0.0606,1.17e-06,0.0418,0.564,117.145,7j3nbSiaWphYU2cFgyQXd9,spotify:track:7j3nbSiaWphYU2cFgyQXd9,250120,4,Sky Ferreira,Everything Is Embarrassing,"Night Time, My Time",2013-01-01,2022-08-01,51
0.828,0.492,0,-9.744,1,0.0276,0.0644,0.00428,0.128,0.789,120.151,0ofHAoxe9vBkTCp2UQIavz,spotify:track:0ofHAoxe9vBkTCp2UQIavz,257800,4,Fleetwood Mac,Dreams - 2004 Remaster,Rumours (Super Deluxe),1977-02-04,2022-08-01,81
0.545,0.67,9,-8.81,1,0.0496,0.009,0.000822,0.0451,0.481,151.553,5e9TFTbltYBg2xThimr0rU,spotify:track:5e9TFTbltYBg2xThimr0rU,270213,4,Fleetwood Mac,The Chain - 2004 Remaster,Rumours (Super Deluxe),1977-02-04,2022-08-01,79
0.332,0.413,1,-10.257,0,0.0283,0.667,0.216,0.109,0.234,98.429,6wx6S3meG3cu4wHTyVCN24,spotify:track:6wx6S3meG3cu4wHTyVCN24,240565,4,Svidaniye,Юные,Первое,2016-07-15,2022-08-01,24
0.792,0.52,11,-5.513,0,0.0296,0.0964,0.317,0.231,0.769,108.025,7fSgKH2OTCviCFGgOFy4cz,spotify:track:7fSgKH2OTCviCFGgOFy4cz,231111,4,Svidaniye,Родинки,Первое,2016-07-15,2022-08-01,26
0.591,0.617,5,-9.228,0,0.0253,0.024,0.509,0.119,0.321,115.025,2YsghGN0zZGXmVM8myEAEH,spotify:track:2YsghGN0zZGXmVM8myEAEH,239281,4,Svidaniye,Красива,Юные,2015-02-09,2022-08-01,33
0.572,0.387,11,-7.3,0,0.0341,0.567,0.00052,0.146,0.64,148.265,5vaDdcMIQW2vtdUAhn08DL,spotify:track:5vaDdcMIQW2vtdUAhn08DL,223372,4,Svidaniye,Случайная любовь,№2,2017-07-14,2022-08-01,35
0.717,0.802,5,-4.895,1,0.0389,0.126,0.318,0.0637,0.843,131.013,4bBkVdzHKogL03s5s4DftL,spotify:track:4bBkVdzHKogL03s5s4DftL,258279,4,Free Love,Pushing Too Hard,Luxury Hits,2018-11-09,2022-08-01,10
0.566,0.961,4,-3.46,0,0.0354,0.044,0.00106,0.352,0.866,118.988,6ZCyDN2ArlWB4GKAj644Cd,spotify:track:6ZCyDN2ArlWB4GKAj644Cd,225880,4,Depeche Mode,Strangelove,The Singles 86-98,1998-09-28,2022-08-01,59
0.682,0.742,11,-7.595,1,0.0492,0.135,0.209,0.0979,0.356,130.033,2wUlYDGGXlSvm2NkGj0Qio,spotify:track:2wUlYDGGXlSvm2NkGj0Qio,294773,4,Depeche Mode,Personal Jesus,Violator (Deluxe),1990-03-19,2022-08-01,59
0.568,0.883,1,-4.575,1,0.0271,0.0973,0.0476,0.104,0.861,104.987,1cBxAm8a0fENn2ix3Dfm3u,spotify:track:1cBxAm8a0fENn2ix3Dfm3u,250160,4,Depeche Mode,Precious,Playing the Angel (Deluxe),2005-10-13,2022-08-01,62
0.673,0.899,11,-3.528,1,0.0434,0.0911,0.0172,0.0481,0.793,129.885,4UCTgh5jvtqoaMX6MAhUNn,spotify:track:4UCTgh5jvtqoaMX6MAhUNn,224933,4,Depeche Mode,Personal Jesus - Single Version,The Singles 86-98,1998-09-28,2022-08-01,66
0.766,0.772,0,-9.362,1,0.0353,0.403,0.0584,0.183,0.919,128.168,0qi4b1l0eT3jpzeNHeFXDT,spotify:track:0qi4b1l0eT3jpzeNHeFXDT,220893,4,Depeche Mode,Just Can't Get Enough,Speak And Spell (Deluxe),1981-11-02,2022-08-01,70
0.871,0.472,4,-11.077,1,0.0756,0.74,0.269,0.145,0.707,124.04,0Rqwa6i410IwhTiugt6vXi,spotify:track:0Rqwa6i410IwhTiugt6vXi,160720,4,The xx,Islands,xx,2009-08-16,2022-08-01,61
0.617,0.778,9,-8.872,0,0.027,0.459,0.925,0.128,0.152,100.363,2usrT8QIbIk9y0NEtQwS4j,spotify:track:2usrT8QIbIk9y0NEtQwS4j,127920,4,The xx,Intro,xx,2009-08-16,2022-08-01,71
0.762,0.484,11,-12.368,0,0.0311,0.812,0.389,0.0841,0.415,122.916,5UBBJnFxsfjFxfrtvErQoH,spotify:track:5UBBJnFxsfjFxfrtvErQoH,201947,4,The xx,Crystalised,xx,2009-08-16,2022-08-01,65
0.431,0.637,2,-8.449,1,0.0302,0.18,0.000476,0.0677,0.344,77.431,2nQEZrm583Z8F2kQUCgba9,spotify:track:2nQEZrm583Z8F2kQUCgba9,326000,4,R.E.M.,E-Bow The Letter,In Time: The Best Of R.E.M. 1988-2003,2003-01-01,2022-08-01,32
0.467,0.432,7,-11.753,1,0.0283,0.175,0.001,0.226,0.238,142.642,3geRffSf6eAruhg23RkpKV,spotify:track:3geRffSf6eAruhg23RkpKV,271333,4,R.E.M.,Drive,Automatic For The People,1992-10-05,2022-08-01,62
0.467,0.324,2,-10.451,1,0.0255,0.615,0.0248,0.118,0.166,94.301,6PypGyiu0Y2lCDBN1XZEnP,spotify:track:6PypGyiu0Y2lCDBN1XZEnP,320267,3,R.E.M.,Everybody Hurts,Automatic For The People,1992-10-05,2022-08-01,72
0.666,0.855,9,-5.051,0,0.0295,0.179,1.2e-06,0.0987,0.803,125.639,31AOj9sFz2gM0O3hMARRBx,spotify:track:31AOj9sFz2gM0O3hMARRBx,268427,4,R.E.M.,Losing My Religion,Out Of Time (25th Anniversary Edition),1991-03-12,2022-08-01,81
0.403,0.284,10,-14.014,1,0.0338,0.798,0.0,0.142,0.686,176.537,4skknrc3sJqaPTtUr2cwFq,spotify:track:4skknrc3sJqaPTtUr2cwFq,154533,3,Otis Redding,These Arms of Mine,Pain in My Heart,1964-01-01,2022-08-01,62
0.769,0.367,2,-11.226,1,0.0312,0.684,1.62e-05,0.081,0.535,103.621,3zBhihYUHBmGd2bcQIobrF,spotify:track:3zBhihYUHBmGd2bcQIobrF,163756,4,Otis Redding,(Sittin' On) the Dock of the Bay,The Dock of the Bay (Mono),1968-01-01,2022-08-01,76
0.587,0.133,9,-15.151,0,0.0565,0.186,2.26e-05,0.258,0.068,102.938,36AlMHDBFwSsD3FQOy1R81,spotify:track:36AlMHDBFwSsD3FQOy1R81,201733,4,Otis Redding,Try a Little Tenderness,Complete & Unbelievable: The Otis Redding Dictionary of Soul,1966-10-15,2022-08-01,61
0.617,0.491,0,-12.264,1,0.0274,0.00788,0.104,0.188,0.649,116.361,0fnY4MQat2zJsb8FKyLM9D,spotify:track:0fnY4MQat2zJsb8FKyLM9D,253907,4,Chris Isaak,Lie To Me,Chris Isaak,1987-03-10,2022-08-01,52
0.663,0.296,9,-18.09,1,0.0294,0.68,0.00837,0.0879,0.359,112.306,7w5AOd6HrDIHewHfpABEss,spotify:track:7w5AOd6HrDIHewHfpABEss,289067,4,Chris Isaak,Wicked Game,Heart Shaped World,1989-06-13,2022-08-01,76
0.394,0.547,2,-9.276,1,0.0383,0.436,0.000111,0.344,0.151,181.74,6c9nkeetGbsoXa7d5E1wHa,spotify:track:6c9nkeetGbsoXa7d5E1wHa,260227,4,a-ha,Crying in the Rain,"East of the Sun, West of the Moon",1990-10-27,2022-08-01,60
0.462,0.683,11,-8.409,0,0.0286,0.313,0.000135,0.112,0.442,91.986,6xt09pCFANiwzrTfhyQ1mC,spotify:track:6xt09pCFANiwzrTfhyQ1mC,278400,4,a-ha,Summer Moved On,"Minor Earth, Major Sky",2000-07-17,2022-08-01,45
0.751,0.783,4,-3.724,1,0.0859,0.00379,0.0,0.036,0.816,119.975,2CEgGE6aESpnmtfiZwYlbV,spotify:track:2CEgGE6aESpnmtfiZwYlbV,202613,4,Taio Cruz,Dynamite,The Rokstarr Hits Collection,2010-01-01,2022-08-01,78
0.447,0.848,2,-6.175,1,0.222,0.033,7.46e-05,0.65,0.485,172.253,1ixbwbeBi5ufN4noUKmW5a,spotify:track:1ixbwbeBi5ufN4noUKmW5a,205200,4,M.I.A.,Paper Planes,Kala,2007-08-20,2022-08-01,74
0.435,0.837,3,-8.126,1,0.449,0.00676,0.0,0.117,0.778,124.913,5AyL2kgLtTWEu3qO3B9SqK,spotify:track:5AyL2kgLtTWEu3qO3B9SqK,216893,4,Far East Movement,Like A G6,Free Wired,2010-01-01,2022-08-01,72
0.744,0.502,5,-7.719,1,0.0359,0.183,0.000228,0.189,0.66,112.344,1nQRg9q9uwALGzouOX5OyQ,spotify:track:1nQRg9q9uwALGzouOX5OyQ,348227,4,Queen,Radio Ga Ga - Remastered 2011,The Works (2011 Remaster),1984-02-27,2022-08-01,71
0.671,0.712,2,-7.815,1,0.0476,0.429,0.0,0.103,0.462,113.805,2fuCquhmrzHpu5xcA1ci9x,spotify:track:2fuCquhmrzHpu5xcA1ci9x,248440,4,Queen,Under Pressure - Remastered 2011,Hot Space (2011 Remaster),1982-05-03,2022-08-01,77
0.559,0.868,5,-5.276,1,0.17,0.0475,0.000176,0.776,0.609,156.295,5T8EDUDqKcs6OSOwEsfqG7,spotify:track:5T8EDUDqKcs6OSOwEsfqG7,209413,4,Queen,Don't Stop Me Now - Remastered 2011,Jazz (2011 Remaster),1978-11-10,2022-08-01,80
0.933,0.528,5,-6.472,0,0.161,0.112,0.312,0.163,0.754,109.967,5vdp5UmvTsnMEMESIF2Ym7,spotify:track:5vdp5UmvTsnMEMESIF2Ym7,214653,4,Queen,Another One Bites The Dust - Remastered 2011,The Game (2011 Remaster),1980-06-27,2022-08-01,79
0.432,0.675,2,-6.702,0,0.0337,0.091,0.287,0.159,0.184,137.262,4wFGKH7rt83EGbfVnXEaPz,spotify:track:4wFGKH7rt83EGbfVnXEaPz,254867,4,Radiohead,Knives Out,Knives Out,2001-08-06,2022-08-01,28
0.214,0.263,9,-13.207,0,0.0336,0.968,0.853,0.126,0.113,137.561,1roDUhDOM7O1tWy9C6u3pP,spotify:track:1roDUhDOM7O1tWy9C6u3pP,384439,3,Radiohead,Daydreaming,Daydreaming,2016-05-06,2022-08-01,26
0.252,0.451,11,-8.798,0,0.0278,0.557,0.866,0.108,0.104,97.652,4Nwrh5BlZ8I31znYQULS7G,spotify:track:4Nwrh5BlZ8I31znYQULS7G,199334,3,Radiohead,Spectre,Spectre,2016-05-16,2022-08-01,55
0.346,0.552,0,-6.864,0,0.0282,0.417,0.0,0.114,0.0789,75.881,6VObnIkLVruX4UVyxWhlqm,spotify:track:6VObnIkLVruX4UVyxWhlqm,286480,4,Adele,Skyfall,Skyfall,2012-10-04,2022-08-01,76
0.616,0.47,5,-6.092,0,0.0253,0.291,0.0,0.111,0.325,80.03,4YoGMmUJJ9dZpQ2CLOmPl2,spotify:track:4YoGMmUJJ9dZpQ2CLOmPl2,210507,4,Adele,Chasing Pavements,19,2008-11-17,2022-08-01,58
0.282,0.866,10,-4.223,0,0.0588,0.000705,0.0055,0.101,0.277,163.987,4IDfVjI1TlB1UwlC01T4Bm,spotify:track:4IDfVjI1TlB1UwlC01T4Bm,261960,4,Paramore,Decode - Twilight Soundtrack Version,Brand New Eyes,2009-09-22,2022-08-01,57
0.734,0.77,1,-4.775,0,0.0324,0.00307,0.0,0.0824,0.686,104.999,12LDPGVv7KpIIefOofYETx,spotify:track:12LDPGVv7KpIIefOofYETx,253947,4,Lady Gaga,Summerboy,The Fame Monster (Deluxe Edition),2009-11-05,2022-07-05,43
0.815,0.509,1,-7.288,1,0.0419,0.392,0.0442,0.299,0.578,94.023,4JC2H3j5NOkpiOXTgMVsx7,spotify:track:4JC2H3j5NOkpiOXTgMVsx7,187467,4,Sad Night Dynamite,Krunk,Sad Night Dynamite,2021-02-26,2022-07-05,50
0.875,0.767,9,-4.109,1,0.302,0.173,0.0,0.15,0.941,110.076,5zOqYPTcgiTAZfnKUbaNSf,spotify:track:5zOqYPTcgiTAZfnKUbaNSf,197507,4,Pa Salieu,Glidin’ (feat. slowthai),Glidin’ (feat. slowthai),2021-06-03,2022-07-05,50
